"1";"A";"Landkreis Augsburg ";"Augsburg";"1"
"2";"AA";"Ostalbkreis";"Aalen";"2"
"3";"AB";"Landkreis Aschaffenburg ";"Aschaffenburg";"1"
"4";"ABG";"Landkreis Altenburger Land";"Altenburg";"16"
"5";"ABI";"Landkreis Anhalt-Bitterfeld";"Anhalt-Bitterfeld";"14"
"6";"AC";"Städteregion Aachen";"Aachen";"10"
"7";"AE";"Vogtlandkreis";"Auerbach/Vogtl.";"13"
"8";"AH";"Kreis Borken";"Ahaus";"10"
"9";"AIB";"Landkreis München und Landkreis Rosenheim";"Bad Aibling";"1"
"10";"AIC";"Landkreis Aichach-Friedberg";"Aichach";"1"
"11";"AK";"Landkreis Altenkirchen (Westerwald)";"Altenkirchen";"11"
"12";"ALF";"Landkreis Hildesheim";"Alfeld (Leine)";"9"
"13";"ALZ";"Landkreis Aschaffenburg";"Alzenau";"1"
"14";"AM";"Stadt Amberg";"Amberg";"1"
"15";"AN";"Landkreis Ansbach ";"Ansbach";"1"
"16";"ANA";"Erzgebirgskreis";"Annaberg-Buchholz";"13"
"17";"ANK";"Landkreis Vorpommern-Greifswald";"Anklam";"8"
"18";"AÖ";"Landkreis Altötting";"Altötting";"1"
"19";"AP";"Landkreis Weimarer Land";"Apolda";"16"
"20";"APD";"Landkreis Weimarer Land";"Apolda";"16"
"21";"ARN";"Ilm-Kreis";"Arnstadt";"16"
"22";"ART";"Kyffhäuserkreis";"Artern";"16"
"23";"AS";"Landkreis Amberg-Sulzbach";"Amberg-Sulzbach";"1"
"24";"ASL";"Salzlandkreis";"Aschersleben";"14"
"25";"ASZ";"Erzgebirgskreis";"Aue-Schwarzenberg";"13"
"26";"AT";"Landkreis Mecklenburgische Seenplatte ";"Altentreptow";"8"
"27";"AU";"Erzgebirgskreis";"Aue (Sachsen)";"13"
"28";"AUR";"Landkreis Aurich";"Aurich";"9"
"29";"AW";"Landkreis Ahrweiler";"Ahrweiler";"11"
"30";"AZ";"Landkreis Alzey-Worms";"Alzey";"11"
"31";"AZE";"Landkreis Anhalt-Bitterfeld";"Anhalt-Zerbst";"14"
"32";"B";"Stadt Berlin";"Berlin";"3"
"33";"BA";"Landkreis Bamberg";"Bamberg";"1"
"34";"BAD";"Stadt Baden-Baden";"Baden-Baden";"2"
"35";"BAR";"Landkreis Barnim";"Barnim";"4"
"36";"BB";"Landkreis Böblingen";"Böblingen";"2"
"37";"BBG";"Salzlandkreis";"Bernburg (Saale)";"14"
"38";"BBL";"Brandenburg  Landesregierung";"Brandenburgische Landesregierung";"4"
"39";"BC";"Landkreis Biberach";"Biberach an der Riß";"2"
"40";"BCH";"Neckar-Odenwald-Kreis";"Buchen (Odenwald)";"2"
"41";"BD";"Deutscher Bundestag";"Bund";"17"
"42";"BED";"Landkreis Mittelsachsen";"Brand-Erbisdorf";"13"
"43";"BER";"Landkreis Barnim";"Bernau bei Berlin";"4"
"44";"BF";"Kreis Steinfurt";"Burgsteinfurt";"10"
"45";"BGL";"Landkreis Berchtesgadener Land";"Berchtesgadener Land";"1"
"46";"BH";"Landkreis Rastatt";"Bühl";"2"
"47";"BI";"Stadt Bielefeld";"Bielefeld";"10"
"48";"BID";"Landkreis Marburg-Biedenkopf";"Biedenkopf";"7"
"49";"BIN";"Landkreis Mainz-Bingen";"Bingen";"11"
"50";"BIR";"Landkreis Birkenfeld ";"Birkenfeld";"11"
"51";"BIT";"Eifelkreis Bitburg-Prüm";"Bitburg";"11"
"52";"BIW";"Landkreis Bautzen";"Bischofswerda";"13"
"53";"BK";"Landkreis Börde ";"Backnang";"2"
"54";"BKS";"Landkreis Bernkastel-Wittlich";"Bernkastel-Kues";"11"
"55";"BL";"Zollernalbkreis";"Balingen";"2"
"56";"BLB";"Kreis Siegen-Wittgenstein";"Bad Berleburg";"10"
"57";"BLK";"Burgenlandkreis";"Burgenlandkreis";"14"
"58";"BM";"Rhein-Erft-Kreis";"Bergheim";"10"
"59";"BN";"Stadt Bonn";"Bonn";"10"
"60";"BNA";"Landkreis Leipzig";"Borna";"13"
"61";"BO";"Stadt Bochum";"Bochum";"10"
"62";"BÖ";"Landkreis Börde";"Börde";"14"
"63";"BOH";"Kreis Borken";"Bocholt";"10"
"64";"BOR";"Kreis Borken";"Borken";"10"
"65";"BOT";"Stadt Bottrop";"Bottrop";"10"
"66";"BP";"Bundespolizei";"Bundespolizei";"17"
"67";"BRA";"Landkreis Wesermarsch";"Brake (Unterweser)";"9"
"68";"BRB";"Stadt Brandenburg an der Havel";"Brandenburg an der Havel";"4"
"69";"BRG";"Landkreis Jerichower Land";"Burg bei Magdeburg";"14"
"70";"BRK";"Landkreis Bad Kissingen";"Bad Brückenau";"1"
"71";"BRL";"Landkreis Goslar";"Braunlage";"9"
"72";"BRV";"Landkreis Rotenburg (Wümme)";"Bremervörde";"9"
"73";"BS";"Stadt Braunschweig ";"Braunschweig";"9"
"74";"BT";"Stadt Bayreuth";"Bayreuth";"1"
"75";"BTF";"Landkreis Anhalt-Bitterfeld";"Bitterfeld";"14"
"76";"BÜD";"Wetteraukreis";"Büdingen";"7"
"77";"BUL";"Landkreis Amberg-Sulzbach ";"Burglengenfeld";"1"
"78";"BÜS";"Gemeinde Büsingen am Hochrhein ";"Büsingen";"2"
"79";"BÜZ";"Landkreis Rostock";"Bützow";"8"
"80";"BW";"Wasser- und Schifffahrtsverwaltung des Bundes";"Bundes-Wasser- und Schifffahrtsverwaltung";"17"
"81";"BWL";"Baden-Württemberg, Landesregierung";"Baden-Württembergischer Landtag";"2"
"82";"BYL";"Bayern, Landesregierung und Landtag";"Bayerischer Landtag";"1"
"83";"BZ";"Landkreis Bautzen";"Bautzen";"13"
"84";"C";"Stadt Chemnitz";"Chemnitz";"13"
"85";"CA";"Landkreis Oberspreewald-Lausitz";"Calau";"4"
"86";"CAS";"Kreis Recklinghausen";"Castrop-Rauxel";"10"
"87";"CB";"Stadt Cottbus";"Cottbus";"4"
"88";"CE";"Landkreis Celle";"Celle";"9"
"89";"CHA";"Landkreis Cham";"Cham";"1"
"90";"CLP";"Landkreis Cloppenburg";"Cloppenburg";"9"
"91";"CLZ";"Landkreis Goslar";"Clausthal-Zellerfeld";"9"
"92";"CO";"Landkreis Coburg ";"Coburg";"1"
"93";"COC";"Landkreis Cochem-Zell";"Cochem";"11"
"94";"COE";"Kreis Coesfeld";"Coesfeld";"10"
"95";"CUX";"Landkreis Cuxhaven";"Cuxhaven";"9"
"96";"CW";"Landkreis Calw";"Calw";"2"
"97";"D";"Stadt Düsseldorf";"Düsseldorf";"10"
"98";"DA";"Landkreis Darmstadt-Dieburg ";"Darmstadt";"7"
"99";"DAH";"Landkreis Dachau";"Dachau";"1"
"100";"DAN";"Landkreis Lüchow-Dannenberg";"Dannenberg";"9"
"101";"DAU";"Landkreis Vulkaneifel";"Daun";"11"
"102";"DBR";"Landkreis Rostock";"Bad Doberan";"8"
"103";"DD";"Stadt Dresden";"Dresden";"13"
"104";"DE";"Stadt Dessau-Roßlau";"Dessau";"14"
"105";"DEG";"Landkreis Deggendorf";"Deggendorf";"1"
"106";"DEL";"Stadt Delmenhorst";"Delmenhorst";"9"
"107";"DGF";"Landkreis Dingolfing-Landau";"Dingolfing";"1"
"108";"DH";"Landkreis Diepholz";"Diepholz";"9"
"109";"DI";"Landkreis Darmstadt-Dieburg";"Dieburg";"7"
"110";"DIN";"Kreis Wesel";"Dinslaken";"10"
"111";"DIZ";"Rhein-Lahn-Kreis";"Diez";"11"
"112";"DKB";"Landkreis Ansbach";"Dinkelsbühl";"1"
"113";"DL";"Landkreis Mittelsachsen";"Döbeln";"13"
"114";"DLG";"Landkreis Dillingen an der Donau";"Dillingen an der Donau";"1"
"115";"DM";"Landkreis Mecklenburgische Seenplatte ";"Demmin";"8"
"116";"DN";"Kreis Düren";"Düren";"10"
"117";"DO";"Stadt Dortmund";"Dortmund";"10"
"118";"DON";"Landkreis Donau-Ries";"Donauwörth";"1"
"119";"DU";"Stadt Duisburg";"Duisburg";"10"
"120";"DUD";"Landkreis Göttingen";"Duderstadt";"9"
"121";"DÜW";"Landkreis Bad Dürkheim";"Bad Dürkheim an der Weinstraße";"11"
"122";"DW";"Landkreis Sächsische Schweiz-Osterzgebirge";"Dippoldiswalde";"13"
"123";"DZ";"Landkreis Nordsachsen";"Delitzsch";"13"
"124";"E";"Stadt Essen";"Essen";"10"
"125";"EA";"Stadt Eisenach";"Eisenach";"16"
"126";"EB";"Landkreis Nordsachsen";"Eilenburg";"13"
"127";"EBE";"Landkreis Ebersberg";"Ebersberg";"1"
"128";"EBS";"Landkreis Bayreuth und Landkreis Forchheim und Landkreis Kulmbach";"Ebermannstadt";"1"
"129";"ECK";"Kreis Rendsburg-Eckernförde";"Eckernförde";"15"
"130";"ED";"Landkreis Erding";"Erding";"1"
"131";"EE";"Landkreis Elbe-Elster";"Elbe-Elster";"4"
"132";"EF";"Stadt Erfurt ";"Erfurt";"16"
"133";"EG";"Landkreis Rottal-Inn";"Eggenfelden";"1"
"134";"EI";"Landkreis Eichstätt";"Eichstätt";"1"
"135";"EIC";"Landkreis Eichsfeld";"Eichsfeld";"16"
"136";"EIL";"Landkreis Mansfeld-Südharz";"Eisleben";"14"
"137";"EIN";"Landkreis Northeim";"Einbeck";"9"
"138";"EIS";"Saale-Holzland-Kreis";"Eisenberg";"16"
"139";"EL";"Landkreis Emsland";"Emsland";"9"
"140";"EM";"Landkreis Emmendingen";"Emmendingen";"2"
"141";"EMD";"Stadt Emden";"Emden";"9"
"142";"EMS";"Rhein-Lahn-Kreis";"Bad Ems";"11"
"143";"EN";"Ennepe-Ruhr-Kreis";"Ennepe";"10"
"144";"ER";"Stadt Erlangen";"Erlangen";"1"
"145";"ERB";"Odenwaldkreis";"Erbach (Odenwald)";"7"
"146";"ERH";"Landkreis Erlangen-Höchstadt";"Erlangen-Höchstadt";"1"
"147";"ERK";"Kreis Heinsberg";"Erkelenz";"10"
"148";"ERZ";"Erzgebirgskreis";"Erzgebirge";"13"
"149";"ES";"Landkreis Esslingen";"Esslingen am Neckar";"2"
"150";"ESB";"Landkreis Amberg-Sulzbach und Landkreis Bayreuth und Landkreis Neustadt an der Waldnaab  und Landkreis Nürnberger Land";"Eschenbach in der Oberpfalz";"1"
"151";"ESW";"Werra-Meißner-Kreis";"Eschwege";"7"
"152";"EU";"Kreis Euskirchen";"Euskirchen";"10"
"153";"EW";"Landkreis Barnim";"Eberswalde";"4"
"154";"F";"Stadt Frankfurt am Main";"Frankfurt";"7"
"155";"FB";"Wetteraukreis";"Friedberg (Hessen)";"7"
"156";"FD";"Landkreis Fulda";"Fulda";"7"
"157";"FDB";"Landkreis Aichach-Friedberg";"Friedberg";"1"
"158";"FDS";"Landkreis Freudenstadt";"Freudenstadt";"2"
"159";"FEU";"Landkreis Ansbach";"Feuchtwangen";"1"
"160";"FF";"Stadt Frankfurt (Oder)";"Frankfurt";"4"
"161";"FFB";"Landkreis Fürstenfeldbruck";"Fürstenfeldbruck";"1"
"162";"FG";"Landkreis Mittelsachsen";"Freiberg";"13"
"163";"FI";"Landkreis Elbe-Elster";"Finsterwalde";"4"
"164";"FKB";"Landkreis Waldeck-Frankenberg";"Frankenberg";"7"
"165";"FL";"Stadt Flensburg";"Flensburg";"15"
"166";"FLÖ";"Landkreis Mittelsachsen";"Flöha";"13"
"167";"FN";"Bodenseekreis";"Friedrichshafen";"2"
"168";"FO";"Landkreis Forchheim";"Forchheim";"1"
"169";"FOR";"Landkreis Spree-Neiße";"Forst (Lausitz)";"4"
"170";"FR";"Stadt Freiburg im Breisgau und Landkreis Breisgau-Hochschwarzwald";"Freiburg im Breisgau";"2"
"171";"FRG";"Landkreis Freyung-Grafenau";"Freyung-Grafenau";"1"
"172";"FRI";"Landkreis Friesland";"Friesland";"9"
"173";"FRW";"Landkreis Märkisch-Oderland";"Bad Freienwalde (Oder)";"4"
"174";"FS";"Landkreis Freising ";"Freising";"1"
"175";"FT";"Stadt Frankenthal (Pfalz)";"Frankenthal";"11"
"176";"FTL";"Landkreis Sächsische Schweiz-Osterzgebirge";"Freital";"13"
"177";"FÜ";"Stadt Fürth und Landkreis Fürth ";"Fürth";"1"
"178";"FÜS";"Landkreis Ostallgäu";"Füssen";"1"
"179";"G";"Stadt Gera";"Gera";"16"
"180";"GA";"Altmarkkreis Salzwedel";"Gardelegen";"14"
"181";"GAN";"Landkreis Northeim";"Bad Gandersheim";"9"
"182";"GAP";"Landkreis Garmisch-Partenkirchen";"Garmisch-Partenkirchen";"1"
"183";"GC";"Landkreis Zwickau";"Glauchau";"13"
"184";"GD";"Ostalbkreis";"Schwäbisch Gmünd";"2"
"185";"GDB";"Landkreis Nordwestmecklenburg";"Gadebusch";"8"
"186";"GE";"Stadt Gelsenkirchen";"Gelsenkirchen";"10"
"187";"GEO";"Landkreis Schweinfurt";"Gerolzhofen";"1"
"188";"GER";"Landkreis Germersheim";"Germersheim";"11"
"189";"GF";"Landkreis Gifhorn";"Gifhorn";"9"
"190";"GG";"Landkreis Groß-Gerau";"Groß-Gerau";"7"
"191";"GHA";"Landkreis Leipzig";"Geithain";"13"
"192";"GHC";"Landkreis Wittenberg";"Gräfenhainichen";"14"
"193";"GI";"Landkreis Gießen";"Gießen";"7"
"194";"GK";"Kreis Heinsberg";"Geilenkirchen";"10"
"195";"GL";"Rheinisch-Bergischer Kreis";"Bergisch Gladbach";"10"
"196";"GLA";"Kreis Recklinghausen";"Gladbeck";"10"
"197";"GM";"Oberbergischer Kreis";"Gummersbach";"10"
"198";"GMN";"Landkreis Vorpommern-Rügen ";"Grimmen";"8"
"199";"GN";"Main-Kinzig-Kreis";"Gelnhausen";"7"
"200";"GNT";"Landkreis Jerichower Land";"Genthin";"14"
"201";"GÖ";"Landkreis Göttingen ";"Göttingen";"9"
"202";"GOA";"Rhein-Hunsrück-Kreis";"Sankt Goar";"11"
"203";"GOH";"Rhein-Lahn-Kreis";"Sankt Goarshausen";"11"
"204";"GP";"Landkreis Göppingen";"Göppingen";"2"
"205";"GR";"Landkreis Görlitz";"Görlitz";"13"
"206";"GRA";"Landkreis Freyung-Grafenau";"Grafenau";"1"
"207";"GRH";"Landkreis Meißen";"Großenhain";"13"
"208";"GRI";"Landkreis Rottal-Inn";"Bad Griesbach im Rottal";"1"
"209";"GRM";"Landkreis Leipzig";"Grimma";"13"
"210";"GRZ";"Landkreis Greiz";"Greiz";"16"
"211";"GS";"Landkreis Goslar";"Goslar";"9"
"212";"GT";"Kreis Gütersloh";"Gütersloh";"10"
"213";"GTH";"Landkreis Gotha";"Gotha";"16"
"214";"GÜ";"Landkreis Rostock";"Güstrow";"8"
"215";"GUB";"Landkreis Spree-Neiße";"Guben";"4"
"216";"GUN";"Landkreis Weißenburg-Gunzenhausen";"Gunzenhausen";"1"
"217";"GVM";"Landkreis Nordwestmecklenburg";"Grevesmühlen";"8"
"218";"GW";"Landkreis Vorpommern-Greifswald";"Greifswald";"8"
"219";"GZ";"Landkreis Günzburg";"Günzburg";"1"
"220";"H";"Region Hannover und Stadt Hannover ";"Hannover";"9"
"221";"HA";"Stadt Hagen";"Hagen";"10"
"222";"HAB";"Landkreis Bad Kissingen";"Hammelburg";"1"
"223";"HAL";"Stadt Halle (Saale)";"Halle (Saale)";"14"
"224";"HAM";"Stadt Hamm";"Hamm";"10"
"225";"HAS";"Landkreis Haßberge";"Haßfurt";"1"
"226";"HB";"Stadt Bremen, Senat und Bürgerschaft und Stadt Bremerhaven";"Hansestadt Bremen";"5"
"227";"HBN";"Landkreis Hildburghausen";"Hildburghausen";"16"
"228";"HBS";"Landkreis Harz";"Halberstadt";"14"
"229";"HC";"Landkreis Mittelsachsen";"Hainichen";"13"
"230";"HCH";"Zollernalbkreis";"Hechingen";"2"
"231";"HD";"Stadt Heidelberg und Rhein-Neckar-Kreis in Heidelberg";"Heidelberg";"2"
"232";"HDH";"Landkreis Heidenheim";"Heidenheim an der Brenz";"2"
"233";"HDL";"Landkreis Börde";"Haldensleben";"14"
"234";"HE";"Landkreis Helmstedt";"Helmstedt";"9"
"235";"HEB";"Landkreis Nürnberger Land";"Hersbruck";"1"
"236";"HEF";"Landkreis Hersfeld-Rotenburg";"Bad Hersfeld";"7"
"237";"HEI";"Kreis Dithmarschen";"Heide (Holstein)";"15"
"238";"HEL";"Hessen, Landesregierung und Landtag";"Hessischer Landtag";"7"
"239";"HER";"Stadt Herne";"Herne";"10"
"240";"HET";"Landkreis Mansfeld-Südharz";"Hettstedt";"14"
"241";"HF";"Kreis Herford";"Herford";"10"
"242";"HG";"Hochtaunuskreis";"Bad Homburg vor der Höhe";"7"
"243";"HGN";"Landkreis Ludwigslust-Parchim";"Hagenow";"8"
"244";"HGW";"Stadt Greifswald";"Hansestadt Greifswald";"8"
"245";"HH";"Freie und Hansestadt Hamburg, Senat und Bürgerschaft";"Hansestadt Hamburg";"6"
"246";"HHM";"Burgenlandkreis";"Hohenmölsen";"14"
"247";"HI";"Landkreis Hildesheim";"Hildesheim";"9"
"248";"HIG";"Landkreis Eichsfeld";"Heiligenstadt";"16"
"249";"HIP";"Landkreis Roth";"Hilpoltstein";"1"
"250";"HK";"Landkreis Heidekreis";"Heidekreis";"9"
"251";"HL";"Stadt Lübeck";"Hansestadt Lübeck";"15"
"252";"HM";"Landkreis Hameln-Pyrmont";"Hameln";"9"
"253";"HMÜ";"Landkreis Göttingen";"Hann. Münden";"9"
"254";"HN";"Stadt Heilbronn und Landkreis Heilbronn";"Heilbronn";"2"
"255";"HO";"Stadt Hof und Landkreis Hof";"Hof";"1"
"256";"HOG";"Landkreis Kassel";"Hofgeismar";"7"
"257";"HOL";"Landkreis Holzminden";"Holzminden";"9"
"258";"HOM";"Saarpfalz-Kreis";"Homburg";"12"
"259";"HOR";"Landkreis Freudenstadt";"Horb";"2"
"260";"HOT";"Landkreis Zwickau";"Hohenstein-Ernstthal";"13"
"261";"HP";"Landkreis Bergstraße";"Heppenheim (Bergstraße)";"7"
"262";"HR";"Schwalm-Eder-Kreis";"Homberg (Efze)";"7"
"263";"HRO";"Stadt Rostock";"Hansestadt Rostock";"8"
"264";"HS";"Kreis Heinsberg";"Heinsberg";"10"
"265";"HSK";"Hochsauerlandkreis";"Hochsauerlandkreis";"10"
"266";"HST";"Stadt Stralsund ";"Hansestadt Stralsund";"8"
"267";"HU";"Stadt Hanau ";"Hanau";"7"
"268";"HV";"Landkreis Stendal";"Havelberg";"14"
"269";"HVL";"Landkreis Havelland";"Havelland";"4"
"270";"HWI";"Stadt Wismar";"Hansestadt Wismar";"8"
"271";"HX";"Kreis Höxter";"Höxter";"10"
"272";"HY";"Landkreis Bautzen";"Hoyerswerda";"13"
"273";"HZ";"Landkreis Harz";"Harz";"14"
"274";"IGB";"Stadt St. Ingbert";"St. Ingbert";"12"
"275";"IK";"Ilm-Kreis";"Ilm-Kreis";"16"
"276";"IL";"Ilm-Kreis";"Ilmenau";"16"
"277";"ILL";"Landkreis Neu-Ulm";"Illertissen";"1"
"278";"IN";"Stadt Ingolstadt (sonst)";"Ingolstadt";"1"
"279";"IZ";"Kreis Steinburg";"Itzehoe";"15"
"280";"J";"Stadt Jena";"Jena";"16"
"281";"JE";"Landkreis Wittenberg";"Jessen (Elster)";"14"
"282";"JL";"Landkreis Jerichower Land";"Jerichower Land";"14"
"283";"JÜL";"Kreis Düren";"Jülich";"10"
"284";"K";"Stadt Köln";"Köln";"10"
"285";"KA";"Stadt Karlsruhe und Landkreis Karlsruhe";"Karlsruhe";"2"
"286";"KB";"Landkreis Waldeck-Frankenberg";"Korbach";"7"
"287";"KC";"Landkreis Kronach";"Kronach";"1"
"288";"KE";"Stadt Kempten (Allgäu) ";"Kempten";"1"
"289";"KEH";"Landkreis Kelheim";"Kelheim";"1"
"290";"KEM";"Landkreis Bayreuth und Landkreis Tirschenreuth";"Kemnath";"1"
"291";"KF";"Stadt Kaufbeuren";"Kaufbeuren";"1"
"292";"KG";"Landkreis Bad Kissingen";"Bad Kissingen";"1"
"293";"KH";"Landkreis Bad Kreuznach und Stadt Bad Kreuznach ";"Bad Kreuznach";"11"
"294";"KI";"Stadt Kiel";"Kiel";"15"
"295";"KIB";"Donnersbergkreis";"Kirchheimbolanden";"11"
"296";"KL";"Stadt Kaiserslautern und Landkreis Kaiserslautern ";"Kaiserslautern";"11"
"297";"KLE";"Kreis Kleve";"Kleve";"10"
"298";"KLZ";"Altmarkkreis Salzwedel";"Klötze";"14"
"299";"KM";"Landkreis Bautzen";"Kamenz";"13"
"300";"KN";"Landkreis Konstanz ";"Konstanz";"2"
"301";"KO";"Stadt Koblenz";"Koblenz";"11"
"302";"KÖN";"Landkreis Rhön-Grabfeld";"Bad Königshofen im Grabfeld";"1"
"303";"KÖT";"Landkreis Anhalt-Bitterfeld";"Köthen (Anhalt)";"14"
"304";"KÖZ";"Landkreis Cham";"Kötzting";"1"
"305";"KR";"Stadt Krefeld";"Krefeld";"10"
"306";"KRU";"Landkreis Günzburg";"Krumbach (Schwaben)";"1"
"307";"KS";"Stadt Kassel und Landkreis Kassel";"Kassel";"7"
"308";"KT";"Landkreis Kitzingen";"Kitzingen";"1"
"309";"KU";"Landkreis Kulmbach";"Kulmbach";"1"
"310";"KÜN";"Hohenlohekreis";"Künzelsau";"2"
"311";"KUS";"Landkreis Kusel";"Kusel";"11"
"312";"KY";"Landkreis Ostprignitz-Ruppin";"Kyritz";"4"
"313";"KYF";"Kyffhäuserkreis";"Kyffhäuser";"16"
"314";"L";"Stadt Leipzig und Landkreis Leipzig in Borna ";"Leipzig";"13"
"315";"LA";"Stadt Landshut und Landkreis Landshut";"Landshut";"1"
"316";"LAU";"Landkreis Nürnberger Land";"Lauf an der Pegnitz";"1"
"317";"LB";"Landkreis Ludwigsburg";"Ludwigsburg";"2"
"318";"LBS";"Saale-Orla-Kreis";"Bad Lobenstein";"16"
"319";"LBZ";"Landkreis Ludwigslust-Parchim";"Lübz";"8"
"320";"LD";"Stadt Landau in der Pfalz";"Landau in der Pfalz";"11"
"321";"LDK";"Lahn-Dill-Kreis ";"Lahn-Dill-Kreis";"7"
"322";"LDS";"Landkreis Dahme-Spreewald";"Landkreis Dahme-Spreewald";"4"
"323";"LEO";"Landkreis Böblingen";"Leonberg";"2"
"324";"LER";"Landkreis Leer";"Leer (Ostfriesland)";"9"
"325";"LEV";"Stadt Leverkusen";"Leverkusen";"10"
"326";"LG";"Landkreis Lüneburg ";"Lüneburg";"9"
"327";"LI";"Landkreis Lindau (Bodensee)";"Lindau (Bodensee)";"1"
"328";"LIB";"Landkreis Elbe-Elster";"Bad Liebenwerda";"4"
"329";"LIF";"Landkreis Lichtenfels";"Lichtenfels";"1"
"330";"LIP";"Kreis Lippe";"Lippe";"10"
"331";"LL";"Landkreis Landsberg am Lech";"Landsberg am Lech";"1"
"332";"LM";"Landkreis Limburg-Weilburg";"Limburg an der Lahn";"7"
"333";"LÖ";"Landkreis Lörrach";"Lörrach";"2"
"334";"LÖB";"Landkreis Görlitz";"Löbau";"13"
"335";"LOS";"Landkreis Oder-Spree";"Landkreis Oder-Spree";"4"
"336";"LP";"Kreis Soest";"Lippstadt";"10"
"337";"LRO";"Landkreis Rostock";"Landkreis Rostock";"8"
"338";"LSA";"Sachsen-Anhalt, Landesregierung, Landtag und Polizei";"Land Sachsen-Anhalt";"14"
"339";"LSN";"Sachsen, Landesregierung und Landtag";"Landtag Sachsen";"13"
"340";"LSZ";"Unstrut-Hainich-Kreis";"Bad Langensalza";"16"
"341";"LU";"Stadt Ludwigshafen am Rhein";"Ludwigshafen am Rhein";"11"
"342";"LÜN";"Kreis Unna";"Lünen";"10"
"343";"LUP";"Landkreis Ludwigslust-Parchim";"Ludwigslust-Parchim";"8"
"344";"LWL";"Landkreis Ludwigslust-Parchim";"Ludwigslust";"8"
"345";"M";"Stadt München und Landkreis München";"München";"1"
"346";"MA";"Stadt Mannheim";"Mannheim";"2"
"347";"MAB";"Erzgebirgskreis";"Marienberg";"13"
"348";"MAI";"Landkreis Kelheim";"Mainburg";"1"
"349";"MAK";"Landkreis Wunsiedel im Fichtelgebirge";"Marktredwitz";"1"
"350";"MB";"Landkreis Miesbach";"Miesbach";"1"
"351";"MC";"Landkreis Mecklenburgische Seenplatte ";"Malchin";"8"
"352";"MD";"Stadt Magdeburg";"Magdeburg";"14"
"353";"ME";"Kreis Mettmann";"Mettmann";"10"
"354";"MEI";"Landkreis Meißen";"Meißen";"13"
"355";"MEK";"Erzgebirgskreis";"Mittlerer Erzgebirgskreis";"13"
"356";"MER";"Saalekreis";"Merseburg";"14"
"357";"MET";"Landkreis Rhön-Grabfeld";"Mellrichstadt";"1"
"358";"MG";"Stadt Mönchengladbach";"Mönchengladbach";"10"
"359";"MGH";"Main-Tauber-Kreis";"Bad Mergentheim";"2"
"360";"MGN";"Landkreis Schmalkalden-Meiningen";"Meiningen";"16"
"361";"MH";"Stadt Mülheim an der Ruhr";"Mülheim an der Ruhr";"10"
"362";"MHL";"Unstrut-Hainich-Kreis";"Mühlhausen/Thüringen";"16"
"363";"MI";"Kreis Minden-Lübbecke";"Minden";"10"
"364";"MIL";"Landkreis Miltenberg";"Miltenberg";"1"
"365";"MK";"Märkischer Kreis";"Mark";"10"
"366";"MKK";"Main-Kinzig-Kreis";"Main-Kinzig-Kreis";"7"
"367";"ML";"Landkreis Mansfeld-Südharz";"Mansfelder Land";"14"
"368";"MM";"Stadt Memmingen";"Memmingen";"1"
"369";"MN";"Landkreis Unterallgäu";"Mindelheim";"1"
"370";"MO";"Kreis Wesel";"Moers";"10"
"371";"MOD";"Landkreis Ostallgäu";"Marktoberdorf";"1"
"372";"MOL";"Landkreis Märkisch-Oderland";"Märkisch-Oderland";"4"
"373";"MON";"Städteregion Aachen";"Monschau";"10"
"374";"MOS";"Neckar-Odenwald-Kreis";"Mosbach";"2"
"375";"MQ";"Saalekreis";"Merseburg-Querfurt";"14"
"376";"MR";"Landkreis Marburg-Biedenkopf";"Marburg";"7"
"377";"MS";"Stadt Münster (Westfalen)";"Münster";"10"
"378";"MSE";"Landkreis Mecklenburgische Seenplatte ";"Mecklenburgische Seenplatte";"8"
"379";"MSH";"Landkreis Mansfeld-Südharz";"Mansfeld-Südharz";"14"
"380";"MSP";"Landkreis Main-Spessart";"Main-Spessart";"1"
"381";"MST";"Landkreis Mecklenburgische Seenplatte";"Mecklenburg-Strelitz";"8"
"382";"MTK";"Main-Taunus-Kreis";"Main-Taunus-Kreis";"7"
"383";"MTL";"Landkreis Leipzig";"Muldental";"13"
"384";"MÜ";"Landkreis Mühldorf am Inn";"Mühldorf am Inn";"1"
"385";"MÜB";"Landkreis Bayreuth";"Münchberg";"1"
"386";"MÜR";"Landkreis Mecklenburgische Seenplatte";"Müritz";"8"
"387";"MVL";"Mecklenburg-Vorpommern, Landesregierung, Landtag und Polizei";"Mecklenburg-Vorpommerscher Landtag";"8"
"388";"MW";"Landkreis Mittelsachsen";"Mittweida";"13"
"389";"MY";"Landkreis Mayen-Koblenz";"Mayen";"11"
"390";"MYK";"Landkreis Mayen-Koblenz";"Mayen-Koblenz";"11"
"391";"MZ";"Stadt Mainz und Landkreis Mainz-Bingen";"Mainz";"11"
"392";"MZG";"Landkreis Merzig-Wadern";"Merzig";"12"
"393";"N";"Stadt Nürnberg und Landkreis Nürnberger Land ";"Nürnberg";"1"
"394";"NAB";"Landkreis Amberg-Sulzbach und Landkreis Schwandorf ";"Nabburg";"1"
"395";"NB";"Stadt Neubrandenburg ";"Neubrandenburg";"8"
"396";"ND";"Landkreis Neuburg-Schrobenhausen";"Neuburg an der Donau";"1"
"397";"NDH";"Landkreis Nordhausen";"Nordhausen";"16"
"398";"NE";"Rhein-Kreis Neuss";"Neuss";"10"
"399";"NEA";"Landkreis Neustadt an der Aisch-Bad Windsheim";"Neustadt an der Aisch";"1"
"400";"NEB";"Burgenlandkreis";"Nebra (Unstrut)";"14"
"401";"NEC";"Landkreis Coburg";"Neustadt bei Coburg";"1"
"402";"NEN";"Landkreis Schwandorf";"Neunburg vorm Wald";"1"
"403";"NES";"Landkreis Rhön-Grabfeld";"Bad Neustadt an der Saale";"1"
"404";"NEW";"Landkreis Neustadt an der Waldnaab";"Neustadt an der Waldnaab";"1"
"405";"NF";"Kreis Nordfriesland";"Nordfriesland";"15"
"406";"NH";"Landkreis Sonneberg";"Neuhaus am Rennweg";"16"
"407";"NI";"Landkreis Nienburg/Weser";"Nienburg/Weser";"9"
"408";"NK";"Landkreis Neunkirchen";"Neunkirchen";"12"
"409";"NL";"Niedersachsen, Landesregierung und Landtag";"Niedersächsischer Landtag";"9"
"410";"NM";"Landkreis Neumarkt in der Oberpfalz";"Neumarkt in der Oberpfalz";"1"
"411";"NMB";"Burgenlandkreis";"Naumburg (Saale)";"14"
"412";"NMS";"Stadt Neumünster";"Neumünster";"15"
"413";"NÖ";"Landkreis Donau-Ries";"Nördlingen";"1"
"414";"NOH";"Landkreis Grafschaft Bentheim";"Nordhorn";"9"
"415";"NOL";"Landkreis Görlitz";"Niederschlesische Oberlausitz";"13"
"416";"NOM";"Landkreis Northeim";"Northeim";"9"
"417";"NOR";"Landkreis Aurich";"Norden";"9"
"418";"NP";"Landkreis Ostprignitz-Ruppin";"Neuruppin";"4"
"419";"NR";"Landkreis Neuwied und Stadt Neuwied";Neuwied;"11"
"420";"NRW";"Nordrhein-Westfalen, Landesregierung, Landtag und Polizei";"Nordrhein-Westfalen";"10"
"421";"NU";"Landkreis Neu-Ulm";"Neu-Ulm";"1"
"422";"NVP";"Landkreis Vorpommern-Rügen ohne die Stadt Stralsund";"Nordvorpommern";"8"
"423";"NW";"Stadt Neustadt an der Weinstraße";"Neustadt an der Weinstraße";"11"
"424";"NWM";"Landkreis Nordwestmecklenburg ohne Stadt Wismar";"Nordwestmecklenburg";"8"
"425";"NY";"Landkreis Görlitz";"Niesky";"13"
"426";"NZ";"Landkreis Mecklenburgische Seenplatte";"Neustrelitz";"8"
"427";"OA";"Landkreis Oberallgäu";"Oberallgäu";"1"
"428";"OAL";"Landkreis Ostallgäu";"Ostallgäu";"1"
"429";"OB";"Stadt Oberhausen";"Oberhausen";"10"
"430";"OBG";"Landkreis Stendal";"Osterburg (Altmark)";"14"
"431";"OC";"Landkreis Börde";"Oschersleben (Bode)";"14"
"432";"OCH";"Landkreis Würzburg";"Ochsenfurt";"1"
"433";"OD";"Kreis Stormarn";"Bad Oldesloe";"15"
"434";"OE";"Kreis Olpe";"Olpe";"10"
"435";"OF";"Stadt Offenbach am Main und Landkreis Offenbach";"Offenbach";"7"
"436";"OG";"Ortenaukreis";"Offenburg";"2"
"437";"OH";"Kreis Ostholstein";"Ostholstein";"15"
"438";"OHA";"Landkreis Osterode am Harz";"Osterode am Harz";"9"
"439";"OHV";"Landkreis Oberhavel";"Oberhavel";"4"
"440";"OHZ";"Landkreis Osterholz";"Osterholz-Scharmbeck";"9"
"441";"OK";"Landkreis Börde";"Ohrekreis";"14"
"442";"OL";"Stadt Oldenburg und Landkreis Oldenburg";"Oldenburg";"9"
"443";"OPR";"Landkreis Ostprignitz-Ruppin";"Ostprignitz-Ruppin";"4"
"444";"OS";"Stadt Osnabrück und Landkreis Osnabrück";"Osnabrück";"9"
"445";"OSL";"Landkreis Oberspreewald-Lausitz";"Oberspreewald-Lausitz";"4"
"446";"OVI";"Landkreis Schwandorf";"Oberviechtach";"1"
"447";"OVL";"Vogtlandkreis";"Obervogtland";"13"
"448";"OZ";"Landkreis Nordsachsen";"Oschatz";"13"
"449";"P";"Stadt Potsdam";"Potsdam";"4"
"450";"PA";"Stadt Passau Landkreis Passau";"Passau";"1"
"451";"PAF";"Landkreis Pfaffenhofen an der Ilm";"Pfaffenhofen an der Ilm";"1"
"452";"PAN";"Landkreis Rottal-Inn";"Pfarrkirchen";"1"
"453";"PAR";"Landkreis Kelheim und Landkreis Neumarkt in der Oberpfalz";"Parsberg";"1"
"454";"PB";"Kreis Paderborn";"Paderborn";"10"
"455";"PCH";"Landkreis Ludwigslust-Parchim";"Parchim";"8"
"456";"PE";"Landkreis Peine";"Peine";"9"
"457";"PEG";"Landkreis Bayreuth und Landkreis Forchheim und Landkreis Nürnberger Land";"Pegnitz";"1"
"458";"PF";"Stadt Pforzheim und Enzkreis";"Pforzheim";"2"
"459";"PI";"Kreis Pinneberg";"Pinneberg";"15"
"460";"PIR";"Landkreis Sächsische Schweiz-Osterzgebirge";"Pirna";"13"
"461";"PL";"Vogtlandkreis";"Plauen";"13"
"462";"PLÖ";"Kreis Plön";"Plön";"15"
"463";"PM";"Landkreis Potsdam-Mittelmark";"Potsdam-Mittelmark";"4"
"464";"PN";"Saale-Orla-Kreis";"Pößneck";"16"
"465";"PR";"Landkreis Prignitz";"Prignitz";"4"
"466";"PRÜ";"Eifelkreis Bitburg-Prüm";"Prüm";"11"
"467";"PS";"Stadt Pirmasens und Landkreis Südwestpfalz in Pirmasens";"Pirmasens";"11"
"468";"PW";"Landkreis Vorpommern-Greifswald";"Pasewalk";"8"
"469";"QFT";"Saalekreis";"Querfurt";"14"
"470";"QLB";"Landkreis Harz";"Quedlinburg";"14"
"471";"R";"Stadt Regensburg und Landkreis Regensburg";"Regensburg";"1"
"472";"RA";"Landkreis Rastatt";"Rastatt";"2"
"473";"RC";"Vogtlandkreis";"Reichenbach im Vogtland";"13"
"474";"RD";"Kreis Rendsburg-Eckernförde";"Rendsburg";"15"
"475";"RDG";"Landkreis Vorpommern-Rügen";"Ribnitz-Damgarten";"8"
"476";"RE";"Kreis Recklinghausen";"Recklinghausen";"10"
"477";"REG";"Landkreis Regen";"Regen";"1"
"478";"REH";"Landkreis Wunsiedel im Fichtelgebirge";"Rehau";"1"
"479";"RG";"Landkreis Meißen";"Riesa-Großenhain";"13"
"480";"RH";"Landkreis Roth";"Roth";"1"
"481";"RI";"Landkreis Schaumburg";"Rinteln";"9"
"482";"RID";"Landkreis Kelheim";"Riedenburg";"1"
"483";"RIE";"Landkreis Meißen";"Riesa";"13"
"484";"RL";"Landkreis Mittelsachsen";"Rochlitz";"13"
"485";"RM";"Landkreis Mecklenburgische Seenplatte";"Röbel/Müritz";"8"
"486";"RO";"Stadt Rosenheim und Landkreis Rosenheim";"Rosenheim";"1"
"487";"ROD";"Landkreis Cham und Landkreis Schwandorf ";"Roding";"1"
"488";"ROF";"Landkreis Hersfeld-Rotenburg";"Rotenburg an der Fulda";"7"
"489";"ROK";"Donnersbergkreis";"Rockenhausen";"11"
"490";"ROL";"Landkreis Kelheim";"Rottenburg an der Laaber";"1"
"491";"ROS";"Landkreis Rostock";"Rostock";"8"
"492";"ROT";"Landkreis Ansbach";"Rothenburg ob der Tauber";"1"
"493";"ROW";"Landkreis Rotenburg (Wümme)";"Rotenburg an der Wümme";"9"
"494";"RP";"Rhein-Pfalz-Kreis";"Rhein-Pfalz";"11"
"495";"RPL";"Rheinland-Pfalz, Landesregierung, Landtag und Polizei";"Rheinland-Pfälzischer Landtag";"11"
"496";"RS";"Stadt Remscheid";"Remscheid";"10"
"497";"RSL";"Stadt Dessau-Roßlau";"Roßlau (Elbe)";"14"
"498";"RT";"Landkreis Reutlingen";"Reutlingen";"2"
"499";"RU";"Landkreis Saalfeld-Rudolstadt";"Rudolstadt";"16"
"500";"RÜD";"Rheingau-Taunus-Kreis";"Rüdesheim am Rhein";"7"
"501";"RÜG";"Landkreis Vorpommern-Rügen";"Rügen";"8"
"502";"RV";"Landkreis Ravensburg";"Ravensburg";"2"
"503";"RW";"Landkreis Rottweil";"Rottweil";"2"
"504";"RZ";"Kreis Herzogtum Lauenburg";"Ratzeburg";"15"
"505";"S";"Stadt Stuttgart";"Stuttgart";"2"
"506";"SAB";"Landkreis Trier-Saarburg";"Saarburg";"11"
"507";"SAD";"Landkreis Schwandorf";"Schwandorf";"1"
"508";"SAL";"Saarland, Landesregierung, Landtag und Polizei";"Saarländischer Landtag";"12"
"509";"SAN";"Landkreis Kronach und Landkreis Kulmbach";"Stadtsteinach";"1"
"510";"SAW";"Altmarkkreis Salzwedel";"Salzwedel";"14"
"511";"SB";"Regionalverband Saarbrücken ohne die Stadt Völklingen";"Saarbrücken";"12"
"512";"SBG";"Landkreis Vorpommern-Greifswald";"Strasburg";"8"
"513";"SBK";"Salzlandkreis";"Schönebeck (Elbe)";"14"
"514";"SC";"Stadt Schwabach";"Schwabach";"1"
"515";"SCZ";"Saale-Orla-Kreis";"Schleiz";"16"
"516";"SDH";"Kyffhäuserkreis";"Sondershausen";"16"
"517";"SDL";"Landkreis Stendal";"Stendal";"14"
"518";"SE";"Kreis Segeberg";"Bad Segeberg";"15"
"519";"SEB";"Landkreis Sächsische Schweiz-Osterzgebirge";"Sebnitz";"13"
"520";"SEE";"Landkreis Märkisch-Oderland";"Seelow";"4"
"521";"SEF";"Landkreis Neustadt an der Aisch-Bad Windsheim";"Scheinfeld";"1"
"522";"SEL";"Landkreis Wunsiedel im Fichtelgebirge";"Selb";"1"
"523";"SFB";"Landkreis Oberspreewald-Lausitz";"Senftenberg";"4"
"524";"SFT";"Salzlandkreis";"Staßfurt";"14"
"525";"SG";"Stadt Solingen";"Solingen";"10"
"526";"SGH";"Landkreis Mansfeld-Südharz";"Sangerhausen";"14"
"527";"SH";"Schleswig-Holstein, Landesregierung, Landtag und Polizei";"Schleswig-Holstein";"15"
"528";"SHA";"Landkreis Schwäbisch Hall";"Schwäbisch Hall";"2"
"529";"SHG";"Landkreis Schaumburg";"Schaumburg oder Stadthagen";"9"
"530";"SHK";"Saale-Holzland-Kreis";"Saale-Holzland-Kreis";"16"
"531";"SHL";"Stadt Suhl";"Suhl";"16"
"532";"SI";"Kreis Siegen-Wittgenstein";"Siegen";"10"
"533";"SIG";"Landkreis Sigmaringen";"Sigmaringen";"2"
"534";"SIM";"Rhein-Hunsrück-Kreis";"Simmern/Hunsrück";"11"
"535";"SK";"Saalekreis";"Saalekreis";"14"
"536";"SL";"Kreis Schleswig-Flensburg";"Schleswig";"15"
"537";"SLE";"Kreis Euskirchen";"Schleiden";"10"
"538";"SLF";"Landkreis Saalfeld-Rudolstadt";"Saalfeld/Saale";"16"
"539";"SLK";"Salzlandkreis";"Salzlandkreis";"14"
"540";"SLN";"Landkreis Altenburger Land";"Schmölln";"16"
"541";"SLS";"Landkreis Saarlouis";"Saarlouis";"12"
"542";"SLÜ";"Main-Kinzig-Kreis";"Schlüchtern";"7"
"543";"SLZ";"Wartburgkreis";"Bad Salzungen";"16"
"544";"SM";"Landkreis Schmalkalden-Meiningen";"Schmalkalden-Meiningen";"16"
"545";"SN";"Stadt Schwerin";"Schwerin";"8"
"546";"SO";"Kreis Soest";"Soest";"10"
"547";"SOB";"Landkreis Neuburg-Schrobenhausen";"Schrobenhausen";"1"
"548";"SOG";"Landkreis Weilheim-Schongau";"Schongau";"1"
"549";"SOK";"Saale-Orla-Kreis";"Saale-Orla-Kreis";"16"
"550";"SÖM";"Landkreis Sömmerda";"Sömmerda";"16"
"551";"SON";"Landkreis Sonneberg";"Sonneberg";"16"
"552";"SP";"Stadt Speyer";"Speyer";"11"
"553";"SPB";"Landkreis Spree-Neiße";"Spremberg";"4"
"554";"SPN";"Landkreis Spree-Neiße";"Spree-Neiße";"4"
"555";"SR";"Landkreis Straubing-Bogen in Straubing und Stadt Straubing";"Straubing";"1"
"556";"SRB";"Landkreis Märkisch-Oderland";"Strausberg";"4"
"557";"SRO";"Saale-Holzland-Kreis";"Stadtroda";"16"
"558";"ST";"Kreis Steinfurt";"Steinfurt";"10"
"559";"STA";"Landkreis Starnberg";"Starnberg";"1"
"560";"STB";"Landkreis Ludwigslust-Parchim";"Sternberg";"8"
"561";"STD";"Landkreis Stade";"Stade";"9"
"562";"STE";"Landkreis Lichtenfels";"Bad Staffelstein";"1"
"563";"STL";"Erzgebirgskreis";"Stollberg/Erzgeb.";"13"
"564";"SU";"Rhein-Sieg-Kreis";"Siegburg";"10"
"565";"SUL";"Landkreis Amberg-Sulzbach";"Sulzbach-Rosenberg";"1"
"566";"SÜW";"Landkreis Südliche Weinstraße";"Südliche Weinstraße";"11"
"567";"SW";"Stadt Schweinfurt und Landkreis Schweinfurt ";"Schweinfurt";"1"
"568";"SWA";"Rheingau-Taunus-Kreis";"Bad Schwalbach";"7"
"569";"SZ";"Stadt Salzgitter";"Salzgitter";"9"
"570";"SZB";"Erzgebirgskreis";"Schwarzenberg/Erzgeb.";"13"
"571";"TBB";"Main-Tauber-Kreis";"Tauberbischofsheim";"2"
"572";"TDO";"Landkreis Nordsachsen";"Torgau, Delitzsch, Oschatz";"13"
"573";"TE";"Kreis Steinfurt";"Tecklenburg";"10"
"574";"TET";"Landkreis Rostock";"Teterow";"8"
"575";"TF";"Landkreis Teltow-Fläming";"Teltow-Fläming";"4"
"576";"TG";"Landkreis Nordsachsen";"Torgau";"13"
"577";"THL";"Thüringen, Landesregierung und Landtag";"Thüringer Landtag";"16"
"578";"THW";"Bundesanstalt Technisches Hilfswerk";"Technisches Hilfswerk";"17"
"579";"TIR";"Landkreis Tirschenreuth";"Tirschenreuth";"1"
"580";"TO";"Landkreis Nordsachsen";"Torgau-Oschatz";"13"
"581";"TÖL";"Landkreis Bad Tölz-Wolfratshausen";"Bad Tölz";"1"
"582";"TR";"Landkreis Trier-Saarburg und Stadt Trier";"Trier";"11"
"583";"TS";"Landkreis Traunstein";"Traunstein";"1"
"584";"TÜ";"Landkreis Tübingen";"Tübingen";"2"
"585";"TUT";"Landkreis Tuttlingen";"Tuttlingen";"2"
"586";"UE";"Landkreis Uelzen";"Uelzen";"9"
"587";"UEM";"Landkreis Vorpommern-Greifswald";"Ueckermünde";"8"
"588";"UFF";"Landkreis Neustadt an der Aisch-Bad Windsheim";"Uffenheim";"1"
"589";"UH";"Unstrut-Hainich-Kreis";"Unstrut-Hainich";"16"
"590";"UL";"Stadt Ulm und Alb-Donau-Kreis in Ulm";"Ulm";"2"
"591";"UM";"Landkreis Uckermark";"Uckermark";"4"
"592";"UN";"Kreis Unna";"Unna";"10"
"593";"USI";"Hochtaunuskreis";"Usingen";"7"
"594";"V";"Vogtlandkreis";"Vogtland";"13"
"595";"VB";"Vogelsbergkreis";"Vogelsberg";"7"
"596";"VEC";"Landkreis Vechta";"Vechta";"9"
"597";"VER";"Landkreis Verden";"Verden (Aller)";"9"
"598";"VG";"Landkreis Vorpommern-Greifswald";"Vorpommern, Greifswald";"8"
"599";"VIB";"Landkreis Rottal-Inn";"Vilsbiburg";"1"
"600";"VIE";"Kreis Viersen";"Viersen";"10"
"601";"VK";"Stadt Völklingen ";"Völklingen";"12"
"602";"VOH";"Landkreis Neustadt an der Waldnaab";"Vohenstrauß";"1"
"603";"VR";"Landkreis Vorpommern-Rügen";"Vorpommern, Rügen";"8"
"604";"VS";"Schwarzwald-Baar-Kreis";"Villingen-Schwenningen";"2"
"605";"W";"Stadt Wuppertal";"Wuppertal";"10"
"606";"WA";"Landkreis Waldeck-Frankenberg";"Waldeck";"7"
"607";"WAF";"Kreis Warendorf";"Warendorf";"10"
"608";"WAK";"Wartburgkreis";"Wartburgkreis";"16"
"609";"WAN";"Stadt Herne";"Wanne-Eickel";"10"
"610";"WAT";"Stadt Bochum";"Wattenscheid";"10"
"611";"WB";"Landkreis Wittenberg";"Wittenberg";"14"
"612";"WBS";"Landkreis Eichsfeld";"Worbis";"16"
"613";"WDA";"Landkreis Zwickau";"Werdau";"13"
"614";"WE";"Stadt Weimar";"Weimar";"16"
"615";"WEL";"Landkreis Limburg-Weilburg";"Weilburg";"7"
"616";"WEN";"Stadt Weiden in der Oberpfalz";"Weiden in der Oberpfalz";"1"
"617";"WER";"Landkreis Dillingen an der Donau";"Wertingen";"1"
"618";"WES";"Kreis Wesel";"Wesel";"10"
"619";"WF";"Landkreis Wolfenbüttel";"Wolfenbüttel";"9"
"620";"WHV";"Stadt Wilhelmshaven";"Wilhelmshaven";"9"
"621";"WI";"Stadt Wiesbaden ";"Wiesbaden";"7"
"622";"WIL";"Landkreis Bernkastel-Wittlich";"Wittlich";"11"
"623";"WIS";"Landkreis Nordwestmecklenburg";"Wismar";"8"
"624";"WIT";"Ennepe-Ruhr-Kreis";"Witten";"10"
"625";"WIZ";"Werra-Meißner-Kreis";"Witzenhausen";"7"
"626";"WK";"Landkreis Ostprignitz-Ruppin";"Wittstock/Dosse";"4"
"627";"WL";"Landkreis Harburg";"Winsen (Luhe)";"9"
"628";"WLG";"Landkreis Vorpommern-Greifswald ";"Wolgast";"8"
"629";"WM";"Landkreis Weilheim-Schongau";"Weilheim in Oberbayern";"1"
"630";"WMS";"Landkreis Börde";"Wolmirstedt";"14"
"631";"WN";"Rems-Murr-Kreis";"Waiblingen";"2"
"632";"WND";"Landkreis St. Wendel";"St. Wendel";"12"
"633";"WO";"Stadt Worms";"Worms";"11"
"634";"WOB";"Stadt Wolfsburg";"Wolfsburg";"9"
"635";"WOH";"Landkreis Kassel";"Wolfhagen";"7"
"636";"WOR";"Landkreis Bad Tölz-Wolfratshausen und Landkreis München und Landkreis Starnberg";"Wolfratshausen";"1"
"637";"WOS";"Landkreis Freyung-Grafenau";"Wolfstein";"1"
"638";"WR";"Landkreis Harz";"Wernigerode";"14"
"639";"WRN";"Landkreis Mecklenburgische Seenplatte ohne die Stadt Neubrandenburg";"Waren (Müritz)";"8"
"640";"WS";"Landkreis Rosenheim";"Wasserburg am Inn";"1"
"641";"WSF";"Burgenlandkreis";"Weißenfels";"14"
"642";"WST";"Landkreis Ammerland";"Westerstede";"9"
"643";"WSW";"Landkreis Görlitz";"Weißwasser";"13"
"644";"WT";"Landkreis Waldshut";"Waldshut-Tiengen";"2"
"645";"WTM";"Landkreis Wittmund";"Wittmund";"9"
"646";"WÜ";"Stadt Würzburg Landkreis Würzburg ";"Würzburg";"1"
"647";"WUG";"Landkreis Weißenburg-Gunzenhausen";"Weißenburg in Bayern";"1"
"648";"WÜM";"Landkreis Cham";"Waldmünchen";"1"
"649";"WUN";"Landkreis Wunsiedel im Fichtelgebirge";"Wunsiedel";"1"
"650";"WUR";"Landkreis Leipzig";"Wurzen";"13"
"651";"WW";"Westerwaldkreis";"Westerwald";"11"
"652";"WZ";"Stadt Wetzlar (Sonderstatusstadt im Lahn-Dill-Kreis)";"Wetzlar";"7"
"653";"WZL";"Landkreis Börde";"Wanzleben";"14"
"654";"X";"Internationale Hauptquartiere (NATO)";"willkürlich gewählt";"17"
"655";"Y";"Bundeswehr";"willkürlich gewählt";"17"
"656";"Z";"Landkreis Zwickau";"Zwickau";"13"
"657";"ZE";"Landkreis Anhalt-Bitterfeld";"Zerbst/Anhalt";"14"
"658";"ZEL";"Landkreis Cochem-Zell";"Zell (Mosel)";"11"
"659";"ZI";"Landkreis Görlitz";"Zittau";"13"
"660";"ZP";"Erzgebirgskreis";"Zschopau";"13"
"661";"ZR";"Landkreis Greiz";"Zeulenroda";"16"
"662";"ZW";"Stadt Zweibrücken";"Zweibrücken";"11"
"663";"ZZ";"Burgenlandkreis";"Zeitz";"14"
