"1";"A";"Landkreis Augsburg ";"Augsburg";"Bayern"
"2";"AA";"Ostalbkreis";"Aalen";"Baden-Württemberg"
"3";"AB";"Landkreis Aschaffenburg ";"Aschaffenburg";"Bayern"
"4";"ABG";"Landkreis Altenburger Land";"Altenburg";"Thüringen"
"5";"ABI";"Landkreis Anhalt-Bitterfeld";"Anhalt-Bitterfeld";"Sachsen-Anhalt"
"6";"AC";"Städteregion Aachen";"Aachen";"Nordrhein-Westfalen"
"7";"AE";"Vogtlandkreis";"Auerbach/Vogtl.";"Sachsen"
"8";"AH";"Kreis Borken";"Ahaus";"Nordrhein-Westfalen"
"9";"AIB";"Landkreis München und Landkreis Rosenheim";"Bad Aibling";"Bayern"
"10";"AIC";"Landkreis Aichach-Friedberg";"Aichach";"Bayern"
"11";"AK";"Landkreis Altenkirchen (Westerwald)";"Altenkirchen";"Rheinland-Pfalz"
"12";"ALF";"Landkreis Hildesheim";"Alfeld (Leine)";"Niedersachsen"
"13";"ALZ";"Landkreis Aschaffenburg";"Alzenau";"Bayern"
"14";"AM";"Stadt Amberg";"Amberg";"Bayern"
"15";"AN";"Landkreis Ansbach ";"Ansbach";"Bayern"
"16";"ANA";"Erzgebirgskreis";"Annaberg-Buchholz";"Sachsen"
"17";"ANK";"Landkreis Vorpommern-Greifswald";"Anklam";"Mecklenburg-Vorpommern"
"18";"AÖ";"Landkreis Altötting";"Altötting";"Bayern"
"19";"AP";"Landkreis Weimarer Land";"Apolda";"Thüringen"
"20";"APD";"Landkreis Weimarer Land";"Apolda";"Thüringen"
"21";"ARN";"Ilm-Kreis";"Arnstadt";"Thüringen"
"22";"ART";"Kyffhäuserkreis";"Artern";"Thüringen"
"23";"AS";"Landkreis Amberg-Sulzbach";"Amberg-Sulzbach";"Bayern"
"24";"ASL";"Salzlandkreis";"Aschersleben";"Sachsen-Anhalt"
"25";"ASZ";"Erzgebirgskreis";"Aue-Schwarzenberg";"Sachsen"
"26";"AT";"Landkreis Mecklenburgische Seenplatte ";"Altentreptow";"Mecklenburg-Vorpommern"
"27";"AU";"Erzgebirgskreis";"Aue (Sachsen)";"Sachsen"
"28";"AUR";"Landkreis Aurich";"Aurich";"Niedersachsen"
"29";"AW";"Landkreis Ahrweiler";"Ahrweiler";"Rheinland-Pfalz"
"30";"AZ";"Landkreis Alzey-Worms";"Alzey";"Rheinland-Pfalz"
"31";"AZE";"Landkreis Anhalt-Bitterfeld";"Anhalt-Zerbst";"Sachsen-Anhalt"
"32";"B";"Stadt Berlin";"Berlin";"Berlin"
"33";"BA";"Landkreis Bamberg";"Bamberg";"Bayern"
"34";"BAD";"Stadt Baden-Baden";"Baden-Baden";"Baden-Württemberg"
"35";"BAR";"Landkreis Barnim";"Barnim";"Brandenburg"
"36";"BB";"Landkreis Böblingen";"Böblingen";"Baden-Württemberg"
"37";"BBG";"Salzlandkreis";"Bernburg (Saale)";"Sachsen-Anhalt"
"38";"BBL";"Brandenburg  Landesregierung";"Brandenburgische Landesregierung";"Brandenburg"
"39";"BC";"Landkreis Biberach";"Biberach an der Riß";"Baden-Württemberg"
"40";"BCH";"Neckar-Odenwald-Kreis";"Buchen (Odenwald)";"Baden-Württemberg"
"41";"BD";"Deutscher Bundestag";"Bund";"bundesweit"
"42";"BED";"Landkreis Mittelsachsen";"Brand-Erbisdorf";"Sachsen"
"43";"BER";"Landkreis Barnim";"Bernau bei Berlin";"Brandenburg"
"44";"BF";"Kreis Steinfurt";"Burgsteinfurt";"Nordrhein-Westfalen"
"45";"BGL";"Landkreis Berchtesgadener Land";"Berchtesgadener Land";"Bayern"
"46";"BH";"Landkreis Rastatt";"Bühl";"Baden-Württemberg"
"47";"BI";"Stadt Bielefeld";"Bielefeld";"Nordrhein-Westfalen"
"48";"BID";"Landkreis Marburg-Biedenkopf";"Biedenkopf";"Hessen"
"49";"BIN";"Landkreis Mainz-Bingen";"Bingen";"Rheinland-Pfalz"
"50";"BIR";"Landkreis Birkenfeld ";"Birkenfeld";"Rheinland-Pfalz"
"51";"BIT";"Eifelkreis Bitburg-Prüm";"Bitburg";"Rheinland-Pfalz"
"52";"BIW";"Landkreis Bautzen";"Bischofswerda";"Sachsen"
"53";"BK";"Landkreis Börde ";"Backnang";"Baden-Württemberg"
"54";"BKS";"Landkreis Bernkastel-Wittlich";"Bernkastel-Kues";"Rheinland-Pfalz"
"55";"BL";"Zollernalbkreis";"Balingen";"Baden-Württemberg"
"56";"BLB";"Kreis Siegen-Wittgenstein";"Bad Berleburg";"Nordrhein-Westfalen"
"57";"BLK";"Burgenlandkreis";"Burgenlandkreis";"Sachsen-Anhalt"
"58";"BM";"Rhein-Erft-Kreis";"Bergheim";"Nordrhein-Westfalen"
"59";"BN";"Stadt Bonn";"Bonn";"Nordrhein-Westfalen"
"60";"BNA";"Landkreis Leipzig";"Borna";"Sachsen"
"61";"BO";"Stadt Bochum";"Bochum";"Nordrhein-Westfalen"
"62";"BÖ";"Landkreis Börde";"Börde";"Sachsen-Anhalt"
"63";"BOH";"Kreis Borken";"Bocholt";"Nordrhein-Westfalen"
"64";"BOR";"Kreis Borken";"Borken";"Nordrhein-Westfalen"
"65";"BOT";"Stadt Bottrop";"Bottrop";"Nordrhein-Westfalen"
"66";"BP";"Bundespolizei";"Bundespolizei";"bundesweit"
"67";"BRA";"Landkreis Wesermarsch";"Brake (Unterweser)";"Niedersachsen"
"68";"BRB";"Stadt Brandenburg an der Havel";"Brandenburg an der Havel";"Brandenburg"
"69";"BRG";"Landkreis Jerichower Land";"Burg bei Magdeburg";"Sachsen-Anhalt"
"70";"BRK";"Landkreis Bad Kissingen";"Bad Brückenau";"Bayern"
"71";"BRL";"Landkreis Goslar";"Braunlage";"Niedersachsen"
"72";"BRV";"Landkreis Rotenburg (Wümme)";"Bremervörde";"Niedersachsen"
"73";"BS";"Stadt Braunschweig ";"Braunschweig";"Niedersachsen"
"74";"BT";"Stadt Bayreuth";"Bayreuth";"Bayern"
"75";"BTF";"Landkreis Anhalt-Bitterfeld";"Bitterfeld";"Sachsen-Anhalt"
"76";"BÜD";"Wetteraukreis";"Büdingen";"Hessen"
"77";"BUL";"Landkreis Amberg-Sulzbach ";"Burglengenfeld";"Bayern"
"78";"BÜS";"Gemeinde Büsingen am Hochrhein ";"Büsingen";"Baden-Württemberg"
"79";"BÜZ";"Landkreis Rostock";"Bützow";"Mecklenburg-Vorpommern"
"80";"BW";"Wasser- und Schifffahrtsverwaltung des Bundes";"Bundes-Wasser- und Schifffahrtsverwaltung";"bundesweit"
"81";"BWL";"Baden-Württemberg, Landesregierung";"Baden-Württembergischer Landtag";"Baden-Württemberg"
"82";"BYL";"Bayern, Landesregierung und Landtag";"Bayerischer Landtag";"Bayern"
"83";"BZ";"Landkreis Bautzen";"Bautzen";"Sachsen"
"84";"C";"Stadt Chemnitz";"Chemnitz";"Sachsen"
"85";"CA";"Landkreis Oberspreewald-Lausitz";"Calau";"Brandenburg"
"86";"CAS";"Kreis Recklinghausen";"Castrop-Rauxel";"Nordrhein-Westfalen"
"87";"CB";"Stadt Cottbus";"Cottbus";"Brandenburg"
"88";"CE";"Landkreis Celle";"Celle";"Niedersachsen"
"89";"CHA";"Landkreis Cham";"Cham";"Bayern"
"90";"CLP";"Landkreis Cloppenburg";"Cloppenburg";"Niedersachsen"
"91";"CLZ";"Landkreis Goslar";"Clausthal-Zellerfeld";"Niedersachsen"
"92";"CO";"Landkreis Coburg ";"Coburg";"Bayern"
"93";"COC";"Landkreis Cochem-Zell";"Cochem";"Rheinland-Pfalz"
"94";"COE";"Kreis Coesfeld";"Coesfeld";"Nordrhein-Westfalen"
"95";"CUX";"Landkreis Cuxhaven";"Cuxhaven";"Niedersachsen"
"96";"CW";"Landkreis Calw";"Calw";"Baden-Württemberg"
"97";"D";"Stadt Düsseldorf";"Düsseldorf";"Nordrhein-Westfalen"
"98";"DA";"Landkreis Darmstadt-Dieburg ";"Darmstadt";"Hessen"
"99";"DAH";"Landkreis Dachau";"Dachau";"Bayern"
"100";"DAN";"Landkreis Lüchow-Dannenberg";"Dannenberg";"Niedersachsen"
"101";"DAU";"Landkreis Vulkaneifel";"Daun";"Rheinland-Pfalz"
"102";"DBR";"Landkreis Rostock";"Bad Doberan";"Mecklenburg-Vorpommern"
"103";"DD";"Stadt Dresden";"Dresden";"Sachsen"
"104";"DE";"Stadt Dessau-Roßlau";"Dessau";"Sachsen-Anhalt"
"105";"DEG";"Landkreis Deggendorf";"Deggendorf";"Bayern"
"106";"DEL";"Stadt Delmenhorst";"Delmenhorst";"Niedersachsen"
"107";"DGF";"Landkreis Dingolfing-Landau";"Dingolfing";"Bayern"
"108";"DH";"Landkreis Diepholz";"Diepholz";"Niedersachsen"
"109";"DI";"Landkreis Darmstadt-Dieburg";"Dieburg";"Hessen"
"110";"DIN";"Kreis Wesel";"Dinslaken";"Nordrhein-Westfalen"
"111";"DIZ";"Rhein-Lahn-Kreis";"Diez";"Rheinland-Pfalz"
"112";"DKB";"Landkreis Ansbach";"Dinkelsbühl";"Bayern"
"113";"DL";"Landkreis Mittelsachsen";"Döbeln";"Sachsen"
"114";"DLG";"Landkreis Dillingen an der Donau";"Dillingen an der Donau";"Bayern"
"115";"DM";"Landkreis Mecklenburgische Seenplatte ";"Demmin";"Mecklenburg-Vorpommern"
"116";"DN";"Kreis Düren";"Düren";"Nordrhein-Westfalen"
"117";"DO";"Stadt Dortmund";"Dortmund";"Nordrhein-Westfalen"
"118";"DON";"Landkreis Donau-Ries";"Donauwörth";"Bayern"
"119";"DU";"Stadt Duisburg";"Duisburg";"Nordrhein-Westfalen"
"120";"DUD";"Landkreis Göttingen";"Duderstadt";"Niedersachsen"
"121";"DÜW";"Landkreis Bad Dürkheim";"Bad Dürkheim an der Weinstraße";"Rheinland-Pfalz"
"122";"DW";"Landkreis Sächsische Schweiz-Osterzgebirge";"Dippoldiswalde";"Sachsen"
"123";"DZ";"Landkreis Nordsachsen";"Delitzsch";"Sachsen"
"124";"E";"Stadt Essen";"Essen";"Nordrhein-Westfalen"
"125";"EA";"Stadt Eisenach";"Eisenach";"Thüringen"
"126";"EB";"Landkreis Nordsachsen";"Eilenburg";"Sachsen"
"127";"EBE";"Landkreis Ebersberg";"Ebersberg";"Bayern"
"128";"EBS";"Landkreis Bayreuth und Landkreis Forchheim und Landkreis Kulmbach";"Ebermannstadt";"Bayern"
"129";"ECK";"Kreis Rendsburg-Eckernförde";"Eckernförde";"Schleswig-Holstein"
"130";"ED";"Landkreis Erding";"Erding";"Bayern"
"131";"EE";"Landkreis Elbe-Elster";"Elbe-Elster";"Brandenburg"
"132";"EF";"Stadt Erfurt ";"Erfurt";"Thüringen"
"133";"EG";"Landkreis Rottal-Inn";"Eggenfelden";"Bayern"
"134";"EI";"Landkreis Eichstätt";"Eichstätt";"Bayern"
"135";"EIC";"Landkreis Eichsfeld";"Eichsfeld";"Thüringen"
"136";"EIL";"Landkreis Mansfeld-Südharz";"Eisleben";"Sachsen-Anhalt"
"137";"EIN";"Landkreis Northeim";"Einbeck";"Niedersachsen"
"138";"EIS";"Saale-Holzland-Kreis";"Eisenberg";"Thüringen"
"139";"EL";"Landkreis Emsland";"Emsland";"Niedersachsen"
"140";"EM";"Landkreis Emmendingen";"Emmendingen";"Baden-Württemberg"
"141";"EMD";"Stadt Emden";"Emden";"Niedersachsen"
"142";"EMS";"Rhein-Lahn-Kreis";"Bad Ems";"Rheinland-Pfalz"
"143";"EN";"Ennepe-Ruhr-Kreis";"Ennepe";"Nordrhein-Westfalen"
"144";"ER";"Stadt Erlangen";"Erlangen";"Bayern"
"145";"ERB";"Odenwaldkreis";"Erbach (Odenwald)";"Hessen"
"146";"ERH";"Landkreis Erlangen-Höchstadt";"Erlangen-Höchstadt";"Bayern"
"147";"ERK";"Kreis Heinsberg";"Erkelenz";"Nordrhein-Westfalen"
"148";"ERZ";"Erzgebirgskreis";"Erzgebirge";"Sachsen"
"149";"ES";"Landkreis Esslingen";"Esslingen am Neckar";"Baden-Württemberg"
"150";"ESB";"Landkreis Amberg-Sulzbach und Landkreis Bayreuth und Landkreis Neustadt an der Waldnaab  und Landkreis Nürnberger Land";"Eschenbach in der Oberpfalz";"Bayern"
"151";"ESW";"Werra-Meißner-Kreis";"Eschwege";"Hessen"
"152";"EU";"Kreis Euskirchen";"Euskirchen";"Nordrhein-Westfalen"
"153";"EW";"Landkreis Barnim";"Eberswalde";"Brandenburg"
"154";"F";"Stadt Frankfurt am Main";"Frankfurt";"Hessen"
"155";"FB";"Wetteraukreis";"Friedberg (Hessen)";"Hessen"
"156";"FD";"Landkreis Fulda";"Fulda";"Hessen"
"157";"FDB";"Landkreis Aichach-Friedberg";"Friedberg";"Bayern"
"158";"FDS";"Landkreis Freudenstadt";"Freudenstadt";"Baden-Württemberg"
"159";"FEU";"Landkreis Ansbach";"Feuchtwangen";"Bayern"
"160";"FF";"Stadt Frankfurt (Oder)";"Frankfurt";"Brandenburg"
"161";"FFB";"Landkreis Fürstenfeldbruck";"Fürstenfeldbruck";"Bayern"
"162";"FG";"Landkreis Mittelsachsen";"Freiberg";"Sachsen"
"163";"FI";"Landkreis Elbe-Elster";"Finsterwalde";"Brandenburg"
"164";"FKB";"Landkreis Waldeck-Frankenberg";"Frankenberg";"Hessen"
"165";"FL";"Stadt Flensburg";"Flensburg";"Schleswig-Holstein"
"166";"FLÖ";"Landkreis Mittelsachsen";"Flöha";"Sachsen"
"167";"FN";"Bodenseekreis";"Friedrichshafen";"Baden-Württemberg"
"168";"FO";"Landkreis Forchheim";"Forchheim";"Bayern"
"169";"FOR";"Landkreis Spree-Neiße";"Forst (Lausitz)";"Brandenburg"
"170";"FR";"Stadt Freiburg im Breisgau und Landkreis Breisgau-Hochschwarzwald";"Freiburg im Breisgau";"Baden-Württemberg"
"171";"FRG";"Landkreis Freyung-Grafenau";"Freyung-Grafenau";"Bayern"
"172";"FRI";"Landkreis Friesland";"Friesland";"Niedersachsen"
"173";"FRW";"Landkreis Märkisch-Oderland";"Bad Freienwalde (Oder)";"Brandenburg"
"174";"FS";"Landkreis Freising ";"Freising";"Bayern"
"175";"FT";"Stadt Frankenthal (Pfalz)";"Frankenthal";"Rheinland-Pfalz"
"176";"FTL";"Landkreis Sächsische Schweiz-Osterzgebirge";"Freital";"Sachsen"
"177";"FÜ";"Stadt Fürth und Landkreis Fürth ";"Fürth";"Bayern"
"178";"FÜS";"Landkreis Ostallgäu";"Füssen";"Bayern"
"179";"G";"Stadt Gera";"Gera";"Thüringen"
"180";"GA";"Altmarkkreis Salzwedel";"Gardelegen";"Sachsen-Anhalt"
"181";"GAN";"Landkreis Northeim";"Bad Gandersheim";"Niedersachsen"
"182";"GAP";"Landkreis Garmisch-Partenkirchen";"Garmisch-Partenkirchen";"Bayern"
"183";"GC";"Landkreis Zwickau";"Glauchau";"Sachsen"
"184";"GD";"Ostalbkreis";"Schwäbisch Gmünd";"Baden-Württemberg"
"185";"GDB";"Landkreis Nordwestmecklenburg";"Gadebusch";"Mecklenburg-Vorpommern"
"186";"GE";"Stadt Gelsenkirchen";"Gelsenkirchen";"Nordrhein-Westfalen"
"187";"GEO";"Landkreis Schweinfurt";"Gerolzhofen";"Bayern"
"188";"GER";"Landkreis Germersheim";"Germersheim";"Rheinland-Pfalz"
"189";"GF";"Landkreis Gifhorn";"Gifhorn";"Niedersachsen"
"190";"GG";"Landkreis Groß-Gerau";"Groß-Gerau";"Hessen"
"191";"GHA";"Landkreis Leipzig";"Geithain";"Sachsen"
"192";"GHC";"Landkreis Wittenberg";"Gräfenhainichen";"Sachsen-Anhalt"
"193";"GI";"Landkreis Gießen";"Gießen";"Hessen"
"194";"GK";"Kreis Heinsberg";"Geilenkirchen";"Nordrhein-Westfalen"
"195";"GL";"Rheinisch-Bergischer Kreis";"Bergisch Gladbach";"Nordrhein-Westfalen"
"196";"GLA";"Kreis Recklinghausen";"Gladbeck";"Nordrhein-Westfalen"
"197";"GM";"Oberbergischer Kreis";"Gummersbach";"Nordrhein-Westfalen"
"198";"GMN";"Landkreis Vorpommern-Rügen ";"Grimmen";"Mecklenburg-Vorpommern"
"199";"GN";"Main-Kinzig-Kreis";"Gelnhausen";"Hessen"
"200";"GNT";"Landkreis Jerichower Land";"Genthin";"Sachsen-Anhalt"
"201";"GÖ";"Landkreis Göttingen ";"Göttingen";"Niedersachsen"
"202";"GOA";"Rhein-Hunsrück-Kreis";"Sankt Goar";"Rheinland-Pfalz"
"203";"GOH";"Rhein-Lahn-Kreis";"Sankt Goarshausen";"Rheinland-Pfalz"
"204";"GP";"Landkreis Göppingen";"Göppingen";"Baden-Württemberg"
"205";"GR";"Landkreis Görlitz";"Görlitz";"Sachsen"
"206";"GRA";"Landkreis Freyung-Grafenau";"Grafenau";"Bayern"
"207";"GRH";"Landkreis Meißen";"Großenhain";"Sachsen"
"208";"GRI";"Landkreis Rottal-Inn";"Bad Griesbach im Rottal";"Bayern"
"209";"GRM";"Landkreis Leipzig";"Grimma";"Sachsen"
"210";"GRZ";"Landkreis Greiz";"Greiz";"Thüringen"
"211";"GS";"Landkreis Goslar";"Goslar";"Niedersachsen"
"212";"GT";"Kreis Gütersloh";"Gütersloh";"Nordrhein-Westfalen"
"213";"GTH";"Landkreis Gotha";"Gotha";"Thüringen"
"214";"GÜ";"Landkreis Rostock";"Güstrow";"Mecklenburg-Vorpommern"
"215";"GUB";"Landkreis Spree-Neiße";"Guben";"Brandenburg"
"216";"GUN";"Landkreis Weißenburg-Gunzenhausen";"Gunzenhausen";"Bayern"
"217";"GVM";"Landkreis Nordwestmecklenburg";"Grevesmühlen";"Mecklenburg-Vorpommern"
"218";"GW";"Landkreis Vorpommern-Greifswald";"Greifswald";"Mecklenburg-Vorpommern"
"219";"GZ";"Landkreis Günzburg";"Günzburg";"Bayern"
"220";"H";"Region Hannover und Stadt Hannover ";"Hannover";"Niedersachsen"
"221";"HA";"Stadt Hagen";"Hagen";"Nordrhein-Westfalen"
"222";"HAB";"Landkreis Bad Kissingen";"Hammelburg";"Bayern"
"223";"HAL";"Stadt Halle (Saale)";"Halle (Saale)";"Sachsen-Anhalt"
"224";"HAM";"Stadt Hamm";"Hamm";"Nordrhein-Westfalen"
"225";"HAS";"Landkreis Haßberge";"Haßfurt";"Bayern"
"226";"HB";"Stadt Bremen, Senat und Bürgerschaft und Stadt Bremerhaven";"Hansestadt Bremen";"Bremen"
"227";"HBN";"Landkreis Hildburghausen";"Hildburghausen";"Thüringen"
"228";"HBS";"Landkreis Harz";"Halberstadt";"Sachsen-Anhalt"
"229";"HC";"Landkreis Mittelsachsen";"Hainichen";"Sachsen"
"230";"HCH";"Zollernalbkreis";"Hechingen";"Baden-Württemberg"
"231";"HD";"Stadt Heidelberg und Rhein-Neckar-Kreis in Heidelberg";"Heidelberg";"Baden-Württemberg"
"232";"HDH";"Landkreis Heidenheim";"Heidenheim an der Brenz";"Baden-Württemberg"
"233";"HDL";"Landkreis Börde";"Haldensleben";"Sachsen-Anhalt"
"234";"HE";"Landkreis Helmstedt";"Helmstedt";"Niedersachsen"
"235";"HEB";"Landkreis Nürnberger Land";"Hersbruck";"Bayern"
"236";"HEF";"Landkreis Hersfeld-Rotenburg";"Bad Hersfeld";"Hessen"
"237";"HEI";"Kreis Dithmarschen";"Heide (Holstein)";"Schleswig-Holstein"
"238";"HEL";"Hessen, Landesregierung und Landtag";"Hessischer Landtag";"Hessen"
"239";"HER";"Stadt Herne";"Herne";"Nordrhein-Westfalen"
"240";"HET";"Landkreis Mansfeld-Südharz";"Hettstedt";"Sachsen-Anhalt"
"241";"HF";"Kreis Herford";"Herford";"Nordrhein-Westfalen"
"242";"HG";"Hochtaunuskreis";"Bad Homburg vor der Höhe";"Hessen"
"243";"HGN";"Landkreis Ludwigslust-Parchim";"Hagenow";"Mecklenburg-Vorpommern"
"244";"HGW";"Stadt Greifswald";"Hansestadt Greifswald";"Mecklenburg-Vorpommern"
"245";"HH";"Freie und Hansestadt Hamburg, Senat und Bürgerschaft";"Hansestadt Hamburg";"Hamburg"
"246";"HHM";"Burgenlandkreis";"Hohenmölsen";"Sachsen-Anhalt"
"247";"HI";"Landkreis Hildesheim";"Hildesheim";"Niedersachsen"
"248";"HIG";"Landkreis Eichsfeld";"Heiligenstadt";"Thüringen"
"249";"HIP";"Landkreis Roth";"Hilpoltstein";"Bayern"
"250";"HK";"Landkreis Heidekreis";"Heidekreis";"Niedersachsen"
"251";"HL";"Stadt Lübeck";"Hansestadt Lübeck";"Schleswig-Holstein"
"252";"HM";"Landkreis Hameln-Pyrmont";"Hameln";"Niedersachsen"
"253";"HMÜ";"Landkreis Göttingen";"Hann. Münden";"Niedersachsen"
"254";"HN";"Stadt Heilbronn und Landkreis Heilbronn";"Heilbronn";"Baden-Württemberg"
"255";"HO";"Stadt Hof und Landkreis Hof";"Hof";"Bayern"
"256";"HOG";"Landkreis Kassel";"Hofgeismar";"Hessen"
"257";"HOL";"Landkreis Holzminden";"Holzminden";"Niedersachsen"
"258";"HOM";"Saarpfalz-Kreis";"Homburg";"Saarland"
"259";"HOR";"Landkreis Freudenstadt";"Horb";"Baden-Württemberg"
"260";"HOT";"Landkreis Zwickau";"Hohenstein-Ernstthal";"Sachsen"
"261";"HP";"Landkreis Bergstraße";"Heppenheim (Bergstraße)";"Hessen"
"262";"HR";"Schwalm-Eder-Kreis";"Homberg (Efze)";"Hessen"
"263";"HRO";"Stadt Rostock";"Hansestadt Rostock";"Mecklenburg-Vorpommern"
"264";"HS";"Kreis Heinsberg";"Heinsberg";"Nordrhein-Westfalen"
"265";"HSK";"Hochsauerlandkreis";"Hochsauerlandkreis";"Nordrhein-Westfalen"
"266";"HST";"Stadt Stralsund ";"Hansestadt Stralsund";"Mecklenburg-Vorpommern"
"267";"HU";"Stadt Hanau ";"Hanau";"Hessen"
"268";"HV";"Landkreis Stendal";"Havelberg";"Sachsen-Anhalt"
"269";"HVL";"Landkreis Havelland";"Havelland";"Brandenburg"
"270";"HWI";"Stadt Wismar";"Hansestadt Wismar";"Mecklenburg-Vorpommern"
"271";"HX";"Kreis Höxter";"Höxter";"Nordrhein-Westfalen"
"272";"HY";"Landkreis Bautzen";"Hoyerswerda";"Sachsen"
"273";"HZ";"Landkreis Harz";"Harz";"Sachsen-Anhalt"
"274";"IGB";"Stadt St. Ingbert";"St. Ingbert";"Saarland"
"275";"IK";"Ilm-Kreis";"Ilm-Kreis";"Thüringen"
"276";"IL";"Ilm-Kreis";"Ilmenau";"Thüringen"
"277";"ILL";"Landkreis Neu-Ulm";"Illertissen";"Bayern"
"278";"IN";"Stadt Ingolstadt (sonst)";"Ingolstadt";"Bayern"
"279";"IZ";"Kreis Steinburg";"Itzehoe";"Schleswig-Holstein"
"280";"J";"Stadt Jena";"Jena";"Thüringen"
"281";"JE";"Landkreis Wittenberg";"Jessen (Elster)";"Sachsen-Anhalt"
"282";"JL";"Landkreis Jerichower Land";"Jerichower Land";"Sachsen-Anhalt"
"283";"JÜL";"Kreis Düren";"Jülich";"Nordrhein-Westfalen"
"284";"K";"Stadt Köln";"Köln";"Nordrhein-Westfalen"
"285";"KA";"Stadt Karlsruhe und Landkreis Karlsruhe";"Karlsruhe";"Baden-Württemberg"
"286";"KB";"Landkreis Waldeck-Frankenberg";"Korbach";"Hessen"
"287";"KC";"Landkreis Kronach";"Kronach";"Bayern"
"288";"KE";"Stadt Kempten (Allgäu) ";"Kempten";"Bayern"
"289";"KEH";"Landkreis Kelheim";"Kelheim";"Bayern"
"290";"KEM";"Landkreis Bayreuth und Landkreis Tirschenreuth";"Kemnath";"Bayern"
"291";"KF";"Stadt Kaufbeuren";"Kaufbeuren";"Bayern"
"292";"KG";"Landkreis Bad Kissingen";"Bad Kissingen";"Bayern"
"293";"KH";"Landkreis Bad Kreuznach und Stadt Bad Kreuznach ";"Bad Kreuznach";"Rheinland-Pfalz"
"294";"KI";"Stadt Kiel";"Kiel";"Schleswig-Holstein"
"295";"KIB";"Donnersbergkreis";"Kirchheimbolanden";"Rheinland-Pfalz"
"296";"KL";"Stadt Kaiserslautern und Landkreis Kaiserslautern ";"Kaiserslautern";"Rheinland-Pfalz"
"297";"KLE";"Kreis Kleve";"Kleve";"Nordrhein-Westfalen"
"298";"KLZ";"Altmarkkreis Salzwedel";"Klötze";"Sachsen-Anhalt"
"299";"KM";"Landkreis Bautzen";"Kamenz";"Sachsen"
"300";"KN";"Landkreis Konstanz ";"Konstanz";"Baden-Württemberg"
"301";"KO";"Stadt Koblenz";"Koblenz";"Rheinland-Pfalz"
"302";"KÖN";"Landkreis Rhön-Grabfeld";"Bad Königshofen im Grabfeld";"Bayern"
"303";"KÖT";"Landkreis Anhalt-Bitterfeld";"Köthen (Anhalt)";"Sachsen-Anhalt"
"304";"KÖZ";"Landkreis Cham";"Kötzting";"Bayern"
"305";"KR";"Stadt Krefeld";"Krefeld";"Nordrhein-Westfalen"
"306";"KRU";"Landkreis Günzburg";"Krumbach (Schwaben)";"Bayern"
"307";"KS";"Stadt Kassel und Landkreis Kassel";"Kassel";"Hessen"
"308";"KT";"Landkreis Kitzingen";"Kitzingen";"Bayern"
"309";"KU";"Landkreis Kulmbach";"Kulmbach";"Bayern"
"310";"KÜN";"Hohenlohekreis";"Künzelsau";"Baden-Württemberg"
"311";"KUS";"Landkreis Kusel";"Kusel";"Rheinland-Pfalz"
"312";"KY";"Landkreis Ostprignitz-Ruppin";"Kyritz";"Brandenburg"
"313";"KYF";"Kyffhäuserkreis";"Kyffhäuser";"Thüringen"
"314";"L";"Stadt Leipzig und Landkreis Leipzig in Borna ";"Leipzig";"Sachsen"
"315";"LA";"Stadt Landshut und Landkreis Landshut";"Landshut";"Bayern"
"316";"LAU";"Landkreis Nürnberger Land";"Lauf an der Pegnitz";"Bayern"
"317";"LB";"Landkreis Ludwigsburg";"Ludwigsburg";"Baden-Württemberg"
"318";"LBS";"Saale-Orla-Kreis";"Bad Lobenstein";"Thüringen"
"319";"LBZ";"Landkreis Ludwigslust-Parchim";"Lübz";"Mecklenburg-Vorpommern"
"320";"LD";"Stadt Landau in der Pfalz";"Landau in der Pfalz";"Rheinland-Pfalz"
"321";"LDK";"Lahn-Dill-Kreis ";"Lahn-Dill-Kreis";"Hessen"
"322";"LDS";"Landkreis Dahme-Spreewald";"Landkreis Dahme-Spreewald";"Brandenburg"
"323";"LEO";"Landkreis Böblingen";"Leonberg";"Baden-Württemberg"
"324";"LER";"Landkreis Leer";"Leer (Ostfriesland)";"Niedersachsen"
"325";"LEV";"Stadt Leverkusen";"Leverkusen";"Nordrhein-Westfalen"
"326";"LG";"Landkreis Lüneburg ";"Lüneburg";"Niedersachsen"
"327";"LI";"Landkreis Lindau (Bodensee)";"Lindau (Bodensee)";"Bayern"
"328";"LIB";"Landkreis Elbe-Elster";"Bad Liebenwerda";"Brandenburg"
"329";"LIF";"Landkreis Lichtenfels";"Lichtenfels";"Bayern"
"330";"LIP";"Kreis Lippe";"Lippe";"Nordrhein-Westfalen"
"331";"LL";"Landkreis Landsberg am Lech";"Landsberg am Lech";"Bayern"
"332";"LM";"Landkreis Limburg-Weilburg";"Limburg an der Lahn";"Hessen"
"333";"LÖ";"Landkreis Lörrach";"Lörrach";"Baden-Württemberg"
"334";"LÖB";"Landkreis Görlitz";"Löbau";"Sachsen"
"335";"LOS";"Landkreis Oder-Spree";"Landkreis Oder-Spree";"Brandenburg"
"336";"LP";"Kreis Soest";"Lippstadt";"Nordrhein-Westfalen"
"337";"LRO";"Landkreis Rostock";"Landkreis Rostock";"Mecklenburg-Vorpommern"
"338";"LSA";"Sachsen-Anhalt, Landesregierung, Landtag und Polizei";"Land Sachsen-Anhalt";"Sachsen-Anhalt"
"339";"LSN";"Sachsen, Landesregierung und Landtag";"Landtag Sachsen";"Sachsen"
"340";"LSZ";"Unstrut-Hainich-Kreis";"Bad Langensalza";"Thüringen"
"341";"LU";"Stadt Ludwigshafen am Rhein";"Ludwigshafen am Rhein";"Rheinland-Pfalz"
"342";"LÜN";"Kreis Unna";"Lünen";"Nordrhein-Westfalen"
"343";"LUP";"Landkreis Ludwigslust-Parchim";"Ludwigslust-Parchim";"Mecklenburg-Vorpommern"
"344";"LWL";"Landkreis Ludwigslust-Parchim";"Ludwigslust";"Mecklenburg-Vorpommern"
"345";"M";"Stadt München und Landkreis München";"München";"Bayern"
"346";"MA";"Stadt Mannheim";"Mannheim";"Baden-Württemberg"
"347";"MAB";"Erzgebirgskreis";"Marienberg";"Sachsen"
"348";"MAI";"Landkreis Kelheim";"Mainburg";"Bayern"
"349";"MAK";"Landkreis Wunsiedel im Fichtelgebirge";"Marktredwitz";"Bayern"
"350";"MB";"Landkreis Miesbach";"Miesbach";"Bayern"
"351";"MC";"Landkreis Mecklenburgische Seenplatte ";"Malchin";"Mecklenburg-Vorpommern"
"352";"MD";"Stadt Magdeburg";"Magdeburg";"Sachsen-Anhalt"
"353";"ME";"Kreis Mettmann";"Mettmann";"Nordrhein-Westfalen"
"354";"MEI";"Landkreis Meißen";"Meißen";"Sachsen"
"355";"MEK";"Erzgebirgskreis";"Mittlerer Erzgebirgskreis";"Sachsen"
"356";"MER";"Saalekreis";"Merseburg";"Sachsen-Anhalt"
"357";"MET";"Landkreis Rhön-Grabfeld";"Mellrichstadt";"Bayern"
"358";"MG";"Stadt Mönchengladbach";"Mönchengladbach";"Nordrhein-Westfalen"
"359";"MGH";"Main-Tauber-Kreis";"Bad Mergentheim";"Baden-Württemberg"
"360";"MGN";"Landkreis Schmalkalden-Meiningen";"Meiningen";"Thüringen"
"361";"MH";"Stadt Mülheim an der Ruhr";"Mülheim an der Ruhr";"Nordrhein-Westfalen"
"362";"MHL";"Unstrut-Hainich-Kreis";"Mühlhausen/Thüringen";"Thüringen"
"363";"MI";"Kreis Minden-Lübbecke";"Minden";"Nordrhein-Westfalen"
"364";"MIL";"Landkreis Miltenberg";"Miltenberg";"Bayern"
"365";"MK";"Märkischer Kreis";"Mark";"Nordrhein-Westfalen"
"366";"MKK";"Main-Kinzig-Kreis";"Main-Kinzig-Kreis";"Hessen"
"367";"ML";"Landkreis Mansfeld-Südharz";"Mansfelder Land";"Sachsen-Anhalt"
"368";"MM";"Stadt Memmingen";"Memmingen";"Bayern"
"369";"MN";"Landkreis Unterallgäu";"Mindelheim";"Bayern"
"370";"MO";"Kreis Wesel";"Moers";"Nordrhein-Westfalen"
"371";"MOD";"Landkreis Ostallgäu";"Marktoberdorf";"Bayern"
"372";"MOL";"Landkreis Märkisch-Oderland";"Märkisch-Oderland";"Brandenburg"
"373";"MON";"Städteregion Aachen";"Monschau";"Nordrhein-Westfalen"
"374";"MOS";"Neckar-Odenwald-Kreis";"Mosbach";"Baden-Württemberg"
"375";"MQ";"Saalekreis";"Merseburg-Querfurt";"Sachsen-Anhalt"
"376";"MR";"Landkreis Marburg-Biedenkopf";"Marburg";"Hessen"
"377";"MS";"Stadt Münster (Westfalen)";"Münster";"Nordrhein-Westfalen"
"378";"MSE";"Landkreis Mecklenburgische Seenplatte ";"Mecklenburgische Seenplatte";"Mecklenburg-Vorpommern"
"379";"MSH";"Landkreis Mansfeld-Südharz";"Mansfeld-Südharz";"Sachsen-Anhalt"
"380";"MSP";"Landkreis Main-Spessart";"Main-Spessart";"Bayern"
"381";"MST";"Landkreis Mecklenburgische Seenplatte";"Mecklenburg-Strelitz";"Mecklenburg-Vorpommern"
"382";"MTK";"Main-Taunus-Kreis";"Main-Taunus-Kreis";"Hessen"
"383";"MTL";"Landkreis Leipzig";"Muldental";"Sachsen"
"384";"MÜ";"Landkreis Mühldorf am Inn";"Mühldorf am Inn";"Bayern"
"385";"MÜB";"Landkreis Bayreuth";"Münchberg";"Bayern"
"386";"MÜR";"Landkreis Mecklenburgische Seenplatte";"Müritz";"Mecklenburg-Vorpommern"
"387";"MVL";"Mecklenburg-Vorpommern, Landesregierung, Landtag und Polizei";"Mecklenburg-Vorpommerscher Landtag";"Mecklenburg-Vorpommern"
"388";"MW";"Landkreis Mittelsachsen";"Mittweida";"Sachsen"
"389";"MY";"Landkreis Mayen-Koblenz";"Mayen";"Rheinland-Pfalz"
"390";"MYK";"Landkreis Mayen-Koblenz";"Mayen-Koblenz";"Rheinland-Pfalz"
"391";"MZ";"Stadt Mainz und Landkreis Mainz-Bingen";"Mainz";"Rheinland-Pfalz"
"392";"MZG";"Landkreis Merzig-Wadern";"Merzig";"Saarland"
"393";"N";"Stadt Nürnberg und Landkreis Nürnberger Land ";"Nürnberg";"Bayern"
"394";"NAB";"Landkreis Amberg-Sulzbach und Landkreis Schwandorf ";"Nabburg";"Bayern"
"395";"NB";"Stadt Neubrandenburg ";"Neubrandenburg";"Mecklenburg-Vorpommern"
"396";"ND";"Landkreis Neuburg-Schrobenhausen";"Neuburg an der Donau";"Bayern"
"397";"NDH";"Landkreis Nordhausen";"Nordhausen";"Thüringen"
"398";"NE";"Rhein-Kreis Neuss";"Neuss";"Nordrhein-Westfalen"
"399";"NEA";"Landkreis Neustadt an der Aisch-Bad Windsheim";"Neustadt an der Aisch";"Bayern"
"400";"NEB";"Burgenlandkreis";"Nebra (Unstrut)";"Sachsen-Anhalt"
"401";"NEC";"Landkreis Coburg";"Neustadt bei Coburg";"Bayern"
"402";"NEN";"Landkreis Schwandorf";"Neunburg vorm Wald";"Bayern"
"403";"NES";"Landkreis Rhön-Grabfeld";"Bad Neustadt an der Saale";"Bayern"
"404";"NEW";"Landkreis Neustadt an der Waldnaab";"Neustadt an der Waldnaab";"Bayern"
"405";"NF";"Kreis Nordfriesland";"Nordfriesland";"Schleswig-Holstein"
"406";"NH";"Landkreis Sonneberg";"Neuhaus am Rennweg";"Thüringen"
"407";"NI";"Landkreis Nienburg/Weser";"Nienburg/Weser";"Niedersachsen"
"408";"NK";"Landkreis Neunkirchen";"Neunkirchen";"Saarland"
"409";"NL";"Niedersachsen, Landesregierung und Landtag";"Niedersächsischer Landtag";"Niedersachsen"
"410";"NM";"Landkreis Neumarkt in der Oberpfalz";"Neumarkt in der Oberpfalz";"Bayern"
"411";"NMB";"Burgenlandkreis";"Naumburg (Saale)";"Sachsen-Anhalt"
"412";"NMS";"Stadt Neumünster";"Neumünster";"Schleswig-Holstein"
"413";"NÖ";"Landkreis Donau-Ries";"Nördlingen";"Bayern"
"414";"NOH";"Landkreis Grafschaft Bentheim";"Nordhorn";"Niedersachsen"
"415";"NOL";"Landkreis Görlitz";"Niederschlesische Oberlausitz";"Sachsen"
"416";"NOM";"Landkreis Northeim";"Northeim";"Niedersachsen"
"417";"NOR";"Landkreis Aurich";"Norden";"Niedersachsen"
"418";"NP";"Landkreis Ostprignitz-Ruppin";"Neuruppin";"Brandenburg"
"419";"NR";"Landkreis Neuwied und Stadt Neuwied";;
"420";"NRW";"Nordrhein-Westfalen, Landesregierung, Landtag und Polizei";"Nordrhein-Westfalen";"Nordrhein-Westfalen"
"421";"NU";"Landkreis Neu-Ulm";"Neu-Ulm";"Bayern"
"422";"NVP";"Landkreis Vorpommern-Rügen ohne die Stadt Stralsund";"Nordvorpommern";"Mecklenburg-Vorpommern"
"423";"NW";"Stadt Neustadt an der Weinstraße";"Neustadt an der Weinstraße";"Rheinland-Pfalz"
"424";"NWM";"Landkreis Nordwestmecklenburg ohne Stadt Wismar";"Nordwestmecklenburg";"Mecklenburg-Vorpommern"
"425";"NY";"Landkreis Görlitz";"Niesky";"Sachsen"
"426";"NZ";"Landkreis Mecklenburgische Seenplatte";"Neustrelitz";"Mecklenburg-Vorpommern"
"427";"OA";"Landkreis Oberallgäu";"Oberallgäu";"Bayern"
"428";"OAL";"Landkreis Ostallgäu";"Ostallgäu";"Bayern"
"429";"OB";"Stadt Oberhausen";"Oberhausen";"Nordrhein-Westfalen"
"430";"OBG";"Landkreis Stendal";"Osterburg (Altmark)";"Sachsen-Anhalt"
"431";"OC";"Landkreis Börde";"Oschersleben (Bode)";"Sachsen-Anhalt"
"432";"OCH";"Landkreis Würzburg";"Ochsenfurt";"Bayern"
"433";"OD";"Kreis Stormarn";"Bad Oldesloe";"Schleswig-Holstein"
"434";"OE";"Kreis Olpe";"Olpe";"Nordrhein-Westfalen"
"435";"OF";"Stadt Offenbach am Main und Landkreis Offenbach";"Offenbach";"Hessen"
"436";"OG";"Ortenaukreis";"Offenburg";"Baden-Württemberg"
"437";"OH";"Kreis Ostholstein";"Ostholstein";"Schleswig-Holstein"
"438";"OHA";"Landkreis Osterode am Harz";"Osterode am Harz";"Niedersachsen"
"439";"OHV";"Landkreis Oberhavel";"Oberhavel";"Brandenburg"
"440";"OHZ";"Landkreis Osterholz";"Osterholz-Scharmbeck";"Niedersachsen"
"441";"OK";"Landkreis Börde";"Ohrekreis";"Sachsen-Anhalt"
"442";"OL";"Stadt Oldenburg und Landkreis Oldenburg";"Oldenburg";"Niedersachsen"
"443";"OPR";"Landkreis Ostprignitz-Ruppin";"Ostprignitz-Ruppin";"Brandenburg"
"444";"OS";"Stadt Osnabrück und Landkreis Osnabrück";"Osnabrück";"Niedersachsen"
"445";"OSL";"Landkreis Oberspreewald-Lausitz";"Oberspreewald-Lausitz";"Brandenburg"
"446";"OVI";"Landkreis Schwandorf";"Oberviechtach";"Bayern"
"447";"OVL";"Vogtlandkreis";"Obervogtland";"Sachsen"
"448";"OZ";"Landkreis Nordsachsen";"Oschatz";"Sachsen"
"449";"P";"Stadt Potsdam";"Potsdam";"Brandenburg"
"450";"PA";"Stadt Passau Landkreis Passau";"Passau";"Bayern"
"451";"PAF";"Landkreis Pfaffenhofen an der Ilm";"Pfaffenhofen an der Ilm";"Bayern"
"452";"PAN";"Landkreis Rottal-Inn";"Pfarrkirchen";"Bayern"
"453";"PAR";"Landkreis Kelheim und Landkreis Neumarkt in der Oberpfalz";"Parsberg";"Bayern"
"454";"PB";"Kreis Paderborn";"Paderborn";"Nordrhein-Westfalen"
"455";"PCH";"Landkreis Ludwigslust-Parchim";"Parchim";"Mecklenburg-Vorpommern"
"456";"PE";"Landkreis Peine";"Peine";"Niedersachsen"
"457";"PEG";"Landkreis Bayreuth und Landkreis Forchheim und Landkreis Nürnberger Land";"Pegnitz";"Bayern"
"458";"PF";"Stadt Pforzheim und Enzkreis";"Pforzheim";"Baden-Württemberg"
"459";"PI";"Kreis Pinneberg";"Pinneberg";"Schleswig-Holstein"
"460";"PIR";"Landkreis Sächsische Schweiz-Osterzgebirge";"Pirna";"Sachsen"
"461";"PL";"Vogtlandkreis";"Plauen";"Sachsen"
"462";"PLÖ";"Kreis Plön";"Plön";"Schleswig-Holstein"
"463";"PM";"Landkreis Potsdam-Mittelmark";"Potsdam-Mittelmark";"Brandenburg"
"464";"PN";"Saale-Orla-Kreis";"Pößneck";"Thüringen"
"465";"PR";"Landkreis Prignitz";"Prignitz";"Brandenburg"
"466";"PRÜ";"Eifelkreis Bitburg-Prüm";"Prüm";"Rheinland-Pfalz"
"467";"PS";"Stadt Pirmasens und Landkreis Südwestpfalz in Pirmasens";"Pirmasens";"Rheinland-Pfalz"
"468";"PW";"Landkreis Vorpommern-Greifswald";"Pasewalk";"Mecklenburg-Vorpommern"
"469";"QFT";"Saalekreis";"Querfurt";"Sachsen-Anhalt"
"470";"QLB";"Landkreis Harz";"Quedlinburg";"Sachsen-Anhalt"
"471";"R";"Stadt Regensburg und Landkreis Regensburg";"Regensburg";"Bayern"
"472";"RA";"Landkreis Rastatt";"Rastatt";"Baden-Württemberg"
"473";"RC";"Vogtlandkreis";"Reichenbach im Vogtland";"Sachsen"
"474";"RD";"Kreis Rendsburg-Eckernförde";"Rendsburg";"Schleswig-Holstein"
"475";"RDG";"Landkreis Vorpommern-Rügen";"Ribnitz-Damgarten";"Mecklenburg-Vorpommern"
"476";"RE";"Kreis Recklinghausen";"Recklinghausen";"Nordrhein-Westfalen"
"477";"REG";"Landkreis Regen";"Regen";"Bayern"
"478";"REH";"Landkreis Wunsiedel im Fichtelgebirge";"Rehau";"Bayern"
"479";"RG";"Landkreis Meißen";"Riesa-Großenhain";"Sachsen"
"480";"RH";"Landkreis Roth";"Roth";"Bayern"
"481";"RI";"Landkreis Schaumburg";"Rinteln";"Niedersachsen"
"482";"RID";"Landkreis Kelheim";"Riedenburg";"Bayern"
"483";"RIE";"Landkreis Meißen";"Riesa";"Sachsen"
"484";"RL";"Landkreis Mittelsachsen";"Rochlitz";"Sachsen"
"485";"RM";"Landkreis Mecklenburgische Seenplatte";"Röbel/Müritz";"Mecklenburg-Vorpommern"
"486";"RO";"Stadt Rosenheim und Landkreis Rosenheim";"Rosenheim";"Bayern"
"487";"ROD";"Landkreis Cham und Landkreis Schwandorf ";"Roding";"Bayern"
"488";"ROF";"Landkreis Hersfeld-Rotenburg";"Rotenburg an der Fulda";"Hessen"
"489";"ROK";"Donnersbergkreis";"Rockenhausen";"Rheinland-Pfalz"
"490";"ROL";"Landkreis Kelheim";"Rottenburg an der Laaber";"Bayern"
"491";"ROS";"Landkreis Rostock";"Rostock";"Mecklenburg-Vorpommern"
"492";"ROT";"Landkreis Ansbach";"Rothenburg ob der Tauber";"Bayern"
"493";"ROW";"Landkreis Rotenburg (Wümme)";"Rotenburg an der Wümme";"Niedersachsen"
"494";"RP";"Rhein-Pfalz-Kreis";"Rhein-Pfalz";"Rheinland-Pfalz"
"495";"RPL";"Rheinland-Pfalz, Landesregierung, Landtag und Polizei";"Rheinland-Pfälzischer Landtag";"Rheinland-Pfalz"
"496";"RS";"Stadt Remscheid";"Remscheid";"Nordrhein-Westfalen"
"497";"RSL";"Stadt Dessau-Roßlau";"Roßlau (Elbe)";"Sachsen-Anhalt"
"498";"RT";"Landkreis Reutlingen";"Reutlingen";"Baden-Württemberg"
"499";"RU";"Landkreis Saalfeld-Rudolstadt";"Rudolstadt";"Thüringen"
"500";"RÜD";"Rheingau-Taunus-Kreis";"Rüdesheim am Rhein";"Hessen"
"501";"RÜG";"Landkreis Vorpommern-Rügen";"Rügen";"Mecklenburg-Vorpommern"
"502";"RV";"Landkreis Ravensburg";"Ravensburg";"Baden-Württemberg"
"503";"RW";"Landkreis Rottweil";"Rottweil";"Baden-Württemberg"
"504";"RZ";"Kreis Herzogtum Lauenburg";"Ratzeburg";"Schleswig-Holstein"
"505";"S";"Stadt Stuttgart";"Stuttgart";"Baden-Württemberg"
"506";"SAB";"Landkreis Trier-Saarburg";"Saarburg";"Rheinland-Pfalz"
"507";"SAD";"Landkreis Schwandorf";"Schwandorf";"Bayern"
"508";"SAL";"Saarland, Landesregierung, Landtag und Polizei";"Saarländischer Landtag";"Saarland"
"509";"SAN";"Landkreis Kronach und Landkreis Kulmbach";"Stadtsteinach";"Bayern"
"510";"SAW";"Altmarkkreis Salzwedel";"Salzwedel";"Sachsen-Anhalt"
"511";"SB";"Regionalverband Saarbrücken ohne die Stadt Völklingen";"Saarbrücken";"Saarland"
"512";"SBG";"Landkreis Vorpommern-Greifswald";"Strasburg";"Mecklenburg-Vorpommern"
"513";"SBK";"Salzlandkreis";"Schönebeck (Elbe)";"Sachsen-Anhalt"
"514";"SC";"Stadt Schwabach";"Schwabach";"Bayern"
"515";"SCZ";"Saale-Orla-Kreis";"Schleiz";"Thüringen"
"516";"SDH";"Kyffhäuserkreis";"Sondershausen";"Thüringen"
"517";"SDL";"Landkreis Stendal";"Stendal";"Sachsen-Anhalt"
"518";"SE";"Kreis Segeberg";"Bad Segeberg";"Schleswig-Holstein"
"519";"SEB";"Landkreis Sächsische Schweiz-Osterzgebirge";"Sebnitz";"Sachsen"
"520";"SEE";"Landkreis Märkisch-Oderland";"Seelow";"Brandenburg"
"521";"SEF";"Landkreis Neustadt an der Aisch-Bad Windsheim";"Scheinfeld";"Bayern"
"522";"SEL";"Landkreis Wunsiedel im Fichtelgebirge";"Selb";"Bayern"
"523";"SFB";"Landkreis Oberspreewald-Lausitz";"Senftenberg";"Brandenburg"
"524";"SFT";"Salzlandkreis";"Staßfurt";"Sachsen-Anhalt"
"525";"SG";"Stadt Solingen";"Solingen";"Nordrhein-Westfalen"
"526";"SGH";"Landkreis Mansfeld-Südharz";"Sangerhausen";"Sachsen-Anhalt"
"527";"SH";"Schleswig-Holstein, Landesregierung, Landtag und Polizei";"Schleswig-Holstein";"Schleswig-Holstein"
"528";"SHA";"Landkreis Schwäbisch Hall";"Schwäbisch Hall";"Baden-Württemberg"
"529";"SHG";"Landkreis Schaumburg";"Schaumburg oder Stadthagen";"Niedersachsen"
"530";"SHK";"Saale-Holzland-Kreis";"Saale-Holzland-Kreis";"Thüringen"
"531";"SHL";"Stadt Suhl";"Suhl";"Thüringen"
"532";"SI";"Kreis Siegen-Wittgenstein";"Siegen";"Nordrhein-Westfalen"
"533";"SIG";"Landkreis Sigmaringen";"Sigmaringen";"Baden-Württemberg"
"534";"SIM";"Rhein-Hunsrück-Kreis";"Simmern/Hunsrück";"Rheinland-Pfalz"
"535";"SK";"Saalekreis";"Saalekreis";"Sachsen-Anhalt"
"536";"SL";"Kreis Schleswig-Flensburg";"Schleswig";"Schleswig-Holstein"
"537";"SLE";"Kreis Euskirchen";"Schleiden";"Nordrhein-Westfalen"
"538";"SLF";"Landkreis Saalfeld-Rudolstadt";"Saalfeld/Saale";"Thüringen"
"539";"SLK";"Salzlandkreis";"Salzlandkreis";"Sachsen-Anhalt"
"540";"SLN";"Landkreis Altenburger Land";"Schmölln";"Thüringen"
"541";"SLS";"Landkreis Saarlouis";"Saarlouis";"Saarland"
"542";"SLÜ";"Main-Kinzig-Kreis";"Schlüchtern";"Hessen"
"543";"SLZ";"Wartburgkreis";"Bad Salzungen";"Thüringen"
"544";"SM";"Landkreis Schmalkalden-Meiningen";"Schmalkalden-Meiningen";"Thüringen"
"545";"SN";"Stadt Schwerin";"Schwerin";"Mecklenburg-Vorpommern"
"546";"SO";"Kreis Soest";"Soest";"Nordrhein-Westfalen"
"547";"SOB";"Landkreis Neuburg-Schrobenhausen";"Schrobenhausen";"Bayern"
"548";"SOG";"Landkreis Weilheim-Schongau";"Schongau";"Bayern"
"549";"SOK";"Saale-Orla-Kreis";"Saale-Orla-Kreis";"Thüringen"
"550";"SÖM";"Landkreis Sömmerda";"Sömmerda";"Thüringen"
"551";"SON";"Landkreis Sonneberg";"Sonneberg";"Thüringen"
"552";"SP";"Stadt Speyer";"Speyer";"Rheinland-Pfalz"
"553";"SPB";"Landkreis Spree-Neiße";"Spremberg";"Brandenburg"
"554";"SPN";"Landkreis Spree-Neiße";"Spree-Neiße";"Brandenburg"
"555";"SR";"Landkreis Straubing-Bogen in Straubing und Stadt Straubing";"Straubing";"Bayern"
"556";"SRB";"Landkreis Märkisch-Oderland";"Strausberg";"Brandenburg"
"557";"SRO";"Saale-Holzland-Kreis";"Stadtroda";"Thüringen"
"558";"ST";"Kreis Steinfurt";"Steinfurt";"Nordrhein-Westfalen"
"559";"STA";"Landkreis Starnberg";"Starnberg";"Bayern"
"560";"STB";"Landkreis Ludwigslust-Parchim";"Sternberg";"Mecklenburg-Vorpommern"
"561";"STD";"Landkreis Stade";"Stade";"Niedersachsen"
"562";"STE";"Landkreis Lichtenfels";"Bad Staffelstein";"Bayern"
"563";"STL";"Erzgebirgskreis";"Stollberg/Erzgeb.";"Sachsen"
"564";"SU";"Rhein-Sieg-Kreis";"Siegburg";"Nordrhein-Westfalen"
"565";"SUL";"Landkreis Amberg-Sulzbach";"Sulzbach-Rosenberg";"Bayern"
"566";"SÜW";"Landkreis Südliche Weinstraße";"Südliche Weinstraße";"Rheinland-Pfalz"
"567";"SW";"Stadt Schweinfurt und Landkreis Schweinfurt ";"Schweinfurt";"Bayern"
"568";"SWA";"Rheingau-Taunus-Kreis";"Bad Schwalbach";"Hessen"
"569";"SZ";"Stadt Salzgitter";"Salzgitter";"Niedersachsen"
"570";"SZB";"Erzgebirgskreis";"Schwarzenberg/Erzgeb.";"Sachsen"
"571";"TBB";"Main-Tauber-Kreis";"Tauberbischofsheim";"Baden-Württemberg"
"572";"TDO";"Landkreis Nordsachsen";"Torgau, Delitzsch, Oschatz";"Sachsen"
"573";"TE";"Kreis Steinfurt";"Tecklenburg";"Nordrhein-Westfalen"
"574";"TET";"Landkreis Rostock";"Teterow";"Mecklenburg-Vorpommern"
"575";"TF";"Landkreis Teltow-Fläming";"Teltow-Fläming";"Brandenburg"
"576";"TG";"Landkreis Nordsachsen";"Torgau";"Sachsen"
"577";"THL";"Thüringen, Landesregierung und Landtag";"Thüringer Landtag";"Thüringen"
"578";"THW";"Bundesanstalt Technisches Hilfswerk";"Technisches Hilfswerk";"bundesweit"
"579";"TIR";"Landkreis Tirschenreuth";"Tirschenreuth";"Bayern"
"580";"TO";"Landkreis Nordsachsen";"Torgau-Oschatz";"Sachsen"
"581";"TÖL";"Landkreis Bad Tölz-Wolfratshausen";"Bad Tölz";"Bayern"
"582";"TR";"Landkreis Trier-Saarburg und Stadt Trier";"Trier";"Rheinland-Pfalz"
"583";"TS";"Landkreis Traunstein";"Traunstein";"Bayern"
"584";"TÜ";"Landkreis Tübingen";"Tübingen";"Baden-Württemberg"
"585";"TUT";"Landkreis Tuttlingen";"Tuttlingen";"Baden-Württemberg"
"586";"UE";"Landkreis Uelzen";"Uelzen";"Niedersachsen"
"587";"UEM";"Landkreis Vorpommern-Greifswald";"Ueckermünde";"Mecklenburg-Vorpommern"
"588";"UFF";"Landkreis Neustadt an der Aisch-Bad Windsheim";"Uffenheim";"Bayern"
"589";"UH";"Unstrut-Hainich-Kreis";"Unstrut-Hainich";"Thüringen"
"590";"UL";"Stadt Ulm und Alb-Donau-Kreis in Ulm";"Ulm";"Baden-Württemberg"
"591";"UM";"Landkreis Uckermark";"Uckermark";"Brandenburg"
"592";"UN";"Kreis Unna";"Unna";"Nordrhein-Westfalen"
"593";"USI";"Hochtaunuskreis";"Usingen";"Hessen"
"594";"V";"Vogtlandkreis";"Vogtland";"Sachsen"
"595";"VB";"Vogelsbergkreis";"Vogelsberg";"Hessen"
"596";"VEC";"Landkreis Vechta";"Vechta";"Niedersachsen"
"597";"VER";"Landkreis Verden";"Verden (Aller)";"Niedersachsen"
"598";"VG";"Landkreis Vorpommern-Greifswald";"Vorpommern, Greifswald";"Mecklenburg-Vorpommern"
"599";"VIB";"Landkreis Rottal-Inn";"Vilsbiburg";"Bayern"
"600";"VIE";"Kreis Viersen";"Viersen";"Nordrhein-Westfalen"
"601";"VK";"Stadt Völklingen ";"Völklingen";"Saarland"
"602";"VOH";"Landkreis Neustadt an der Waldnaab";"Vohenstrauß";"Bayern"
"603";"VR";"Landkreis Vorpommern-Rügen";"Vorpommern, Rügen";"Mecklenburg-Vorpommern"
"604";"VS";"Schwarzwald-Baar-Kreis";"Villingen-Schwenningen";"Baden-Württemberg"
"605";"W";"Stadt Wuppertal";"Wuppertal";"Nordrhein-Westfalen"
"606";"WA";"Landkreis Waldeck-Frankenberg";"Waldeck";"Hessen"
"607";"WAF";"Kreis Warendorf";"Warendorf";"Nordrhein-Westfalen"
"608";"WAK";"Wartburgkreis";"Wartburgkreis";"Thüringen"
"609";"WAN";"Stadt Herne";"Wanne-Eickel";"Nordrhein-Westfalen"
"610";"WAT";"Stadt Bochum";"Wattenscheid";"Nordrhein-Westfalen"
"611";"WB";"Landkreis Wittenberg";"Wittenberg";"Sachsen-Anhalt"
"612";"WBS";"Landkreis Eichsfeld";"Worbis";"Thüringen"
"613";"WDA";"Landkreis Zwickau";"Werdau";"Sachsen"
"614";"WE";"Stadt Weimar";"Weimar";"Thüringen"
"615";"WEL";"Landkreis Limburg-Weilburg";"Weilburg";"Hessen"
"616";"WEN";"Stadt Weiden in der Oberpfalz";"Weiden in der Oberpfalz";"Bayern"
"617";"WER";"Landkreis Dillingen an der Donau";"Wertingen";"Bayern"
"618";"WES";"Kreis Wesel";"Wesel";"Nordrhein-Westfalen"
"619";"WF";"Landkreis Wolfenbüttel";"Wolfenbüttel";"Niedersachsen"
"620";"WHV";"Stadt Wilhelmshaven";"Wilhelmshaven";"Niedersachsen"
"621";"WI";"Stadt Wiesbaden ";"Wiesbaden";"Hessen"
"622";"WIL";"Landkreis Bernkastel-Wittlich";"Wittlich";"Rheinland-Pfalz"
"623";"WIS";"Landkreis Nordwestmecklenburg";"Wismar";"Mecklenburg-Vorpommern"
"624";"WIT";"Ennepe-Ruhr-Kreis";"Witten";"Nordrhein-Westfalen"
"625";"WIZ";"Werra-Meißner-Kreis";"Witzenhausen";"Hessen"
"626";"WK";"Landkreis Ostprignitz-Ruppin";"Wittstock/Dosse";"Brandenburg"
"627";"WL";"Landkreis Harburg";"Winsen (Luhe)";"Niedersachsen"
"628";"WLG";"Landkreis Vorpommern-Greifswald ";"Wolgast";"Mecklenburg-Vorpommern"
"629";"WM";"Landkreis Weilheim-Schongau";"Weilheim in Oberbayern";"Bayern"
"630";"WMS";"Landkreis Börde";"Wolmirstedt";"Sachsen-Anhalt"
"631";"WN";"Rems-Murr-Kreis";"Waiblingen";"Baden-Württemberg"
"632";"WND";"Landkreis St. Wendel";"St. Wendel";"Saarland"
"633";"WO";"Stadt Worms";"Worms";"Rheinland-Pfalz"
"634";"WOB";"Stadt Wolfsburg";"Wolfsburg";"Niedersachsen"
"635";"WOH";"Landkreis Kassel";"Wolfhagen";"Hessen"
"636";"WOR";"Landkreis Bad Tölz-Wolfratshausen und Landkreis München und Landkreis Starnberg";"Wolfratshausen";"Bayern"
"637";"WOS";"Landkreis Freyung-Grafenau";"Wolfstein";"Bayern"
"638";"WR";"Landkreis Harz";"Wernigerode";"Sachsen-Anhalt"
"639";"WRN";"Landkreis Mecklenburgische Seenplatte ohne die Stadt Neubrandenburg";"Waren (Müritz)";"Mecklenburg-Vorpommern"
"640";"WS";"Landkreis Rosenheim";"Wasserburg am Inn";"Bayern"
"641";"WSF";"Burgenlandkreis";"Weißenfels";"Sachsen-Anhalt"
"642";"WST";"Landkreis Ammerland";"Westerstede";"Niedersachsen"
"643";"WSW";"Landkreis Görlitz";"Weißwasser";"Sachsen"
"644";"WT";"Landkreis Waldshut";"Waldshut-Tiengen";"Baden-Württemberg"
"645";"WTM";"Landkreis Wittmund";"Wittmund";"Niedersachsen"
"646";"WÜ";"Stadt Würzburg Landkreis Würzburg ";"Würzburg";"Bayern"
"647";"WUG";"Landkreis Weißenburg-Gunzenhausen";"Weißenburg in Bayern";"Bayern"
"648";"WÜM";"Landkreis Cham";"Waldmünchen";"Bayern"
"649";"WUN";"Landkreis Wunsiedel im Fichtelgebirge";"Wunsiedel";"Bayern"
"650";"WUR";"Landkreis Leipzig";"Wurzen";"Sachsen"
"651";"WW";"Westerwaldkreis";"Westerwald";"Rheinland-Pfalz"
"652";"WZ";"Stadt Wetzlar (Sonderstatusstadt im Lahn-Dill-Kreis)";"Wetzlar";"Hessen"
"653";"WZL";"Landkreis Börde";"Wanzleben";"Sachsen-Anhalt"
"654";"X";"Internationale Hauptquartiere (NATO)";"willkürlich gewählt";"bundesweit"
"655";"Y";"Bundeswehr";"willkürlich gewählt";"bundesweit"
"656";"Z";"Landkreis Zwickau";"Zwickau";"Sachsen"
"657";"ZE";"Landkreis Anhalt-Bitterfeld";"Zerbst/Anhalt";"Sachsen-Anhalt"
"658";"ZEL";"Landkreis Cochem-Zell";"Zell (Mosel)";"Rheinland-Pfalz"
"659";"ZI";"Landkreis Görlitz";"Zittau";"Sachsen"
"660";"ZP";"Erzgebirgskreis";"Zschopau";"Sachsen"
"661";"ZR";"Landkreis Greiz";"Zeulenroda";"Thüringen"
"662";"ZW";"Stadt Zweibrücken";"Zweibrücken";"Rheinland-Pfalz"
"663";"ZZ";"Burgenlandkreis";"Zeitz";"Sachsen-Anhalt"
